Iteration,Time,Fitness,FEvals,use_fast_mimic,Population Size,Keep Percent,max_iters,group_number,run_number,problem_size,max_iterations,max_attempts,population_size,keep_percent
0,0.002068083000000165,516.0,0.0,True,100,0.5,1000000000,0,0,1000,1000000000.0,100,100,0.5
1,0.7372209170000001,534.0,2.0,True,100,0.5,1000000000,0,0,1000,1000000000.0,100,100,0.5
2,1.475279333,545.0,4.0,True,100,0.5,1000000000,0,0,1000,1000000000.0,100,100,0.5
3,2.145297125,545.0,5.0,True,100,0.5,1000000000,0,0,1000,1000000000.0,100,100,0.5
4,2.8079378750000004,545.0,6.0,True,100,0.5,1000000000,0,0,1000,1000000000.0,100,100,0.5
5,3.505022542,564.0,8.0,True,100,0.5,1000000000,0,0,1000,1000000000.0,100,100,0.5
6,4.1804883330000004,575.0,10.0,True,100,0.5,1000000000,0,0,1000,1000000000.0,100,100,0.5
7,4.847627708,575.0,11.0,True,100,0.5,1000000000,0,0,1000,1000000000.0,100,100,0.5
8,5.52938775,575.0,12.0,True,100,0.5,1000000000,0,0,1000,1000000000.0,100,100,0.5
9,6.27104525,575.0,13.0,True,100,0.5,1000000000,0,0,1000,1000000000.0,100,100,0.5
10,6.962425417,575.0,14.0,True,100,0.5,1000000000,0,0,1000,1000000000.0,100,100,0.5
11,7.654988125000001,575.0,15.0,True,100,0.5,1000000000,0,0,1000,1000000000.0,100,100,0.5
12,8.353235250000001,577.0,17.0,True,100,0.5,1000000000,0,0,1000,1000000000.0,100,100,0.5
13,9.046130375,580.0,19.0,True,100,0.5,1000000000,0,0,1000,1000000000.0,100,100,0.5
14,9.732529625,584.0,21.0,True,100,0.5,1000000000,0,0,1000,1000000000.0,100,100,0.5
15,10.424727083,594.0,23.0,True,100,0.5,1000000000,0,0,1000,1000000000.0,100,100,0.5
16,11.104190208,602.0,25.0,True,100,0.5,1000000000,0,0,1000,1000000000.0,100,100,0.5
17,11.771488083,612.0,27.0,True,100,0.5,1000000000,0,0,1000,1000000000.0,100,100,0.5
18,12.453677833,612.0,28.0,True,100,0.5,1000000000,0,0,1000,1000000000.0,100,100,0.5
19,13.166595958,622.0,30.0,True,100,0.5,1000000000,0,0,1000,1000000000.0,100,100,0.5
20,13.844582625000001,634.0,32.0,True,100,0.5,1000000000,0,0,1000,1000000000.0,100,100,0.5
21,14.525685708000001,638.0,34.0,True,100,0.5,1000000000,0,0,1000,1000000000.0,100,100,0.5
22,15.191399375,648.0,36.0,True,100,0.5,1000000000,0,0,1000,1000000000.0,100,100,0.5
23,15.857372125000001,648.0,37.0,True,100,0.5,1000000000,0,0,1000,1000000000.0,100,100,0.5
24,16.607810708,662.0,39.0,True,100,0.5,1000000000,0,0,1000,1000000000.0,100,100,0.5
25,17.303870708,664.0,41.0,True,100,0.5,1000000000,0,0,1000,1000000000.0,100,100,0.5
26,17.975140667,668.0,43.0,True,100,0.5,1000000000,0,0,1000,1000000000.0,100,100,0.5
27,18.600266083,678.0,45.0,True,100,0.5,1000000000,0,0,1000,1000000000.0,100,100,0.5
28,19.305482833,684.0,47.0,True,100,0.5,1000000000,0,0,1000,1000000000.0,100,100,0.5
29,20.140586292000002,684.0,48.0,True,100,0.5,1000000000,0,0,1000,1000000000.0,100,100,0.5
30,20.801399125,688.0,50.0,True,100,0.5,1000000000,0,0,1000,1000000000.0,100,100,0.5
31,21.4272275,694.0,52.0,True,100,0.5,1000000000,0,0,1000,1000000000.0,100,100,0.5
32,22.066128208,702.0,54.0,True,100,0.5,1000000000,0,0,1000,1000000000.0,100,100,0.5
33,22.720861125,706.0,56.0,True,100,0.5,1000000000,0,0,1000,1000000000.0,100,100,0.5
34,23.350135375,706.0,57.0,True,100,0.5,1000000000,0,0,1000,1000000000.0,100,100,0.5
35,23.956420625,708.0,59.0,True,100,0.5,1000000000,0,0,1000,1000000000.0,100,100,0.5
36,24.615481417,708.0,60.0,True,100,0.5,1000000000,0,0,1000,1000000000.0,100,100,0.5
37,25.266167083,712.0,62.0,True,100,0.5,1000000000,0,0,1000,1000000000.0,100,100,0.5
38,26.174623458,712.0,63.0,True,100,0.5,1000000000,0,0,1000,1000000000.0,100,100,0.5
39,26.810720292,718.0,65.0,True,100,0.5,1000000000,0,0,1000,1000000000.0,100,100,0.5
40,27.505206708,718.0,66.0,True,100,0.5,1000000000,0,0,1000,1000000000.0,100,100,0.5
41,28.164559917000002,718.0,67.0,True,100,0.5,1000000000,0,0,1000,1000000000.0,100,100,0.5
42,28.833724708,718.0,68.0,True,100,0.5,1000000000,0,0,1000,1000000000.0,100,100,0.5
43,29.449595,718.0,69.0,True,100,0.5,1000000000,0,0,1000,1000000000.0,100,100,0.5
44,30.068105708,718.0,70.0,True,100,0.5,1000000000,0,0,1000,1000000000.0,100,100,0.5
45,31.19000325,718.0,71.0,True,100,0.5,1000000000,0,0,1000,1000000000.0,100,100,0.5
46,31.836562958,718.0,72.0,True,100,0.5,1000000000,0,0,1000,1000000000.0,100,100,0.5
47,32.667338375,718.0,73.0,True,100,0.5,1000000000,0,0,1000,1000000000.0,100,100,0.5
48,33.781308917000004,718.0,74.0,True,100,0.5,1000000000,0,0,1000,1000000000.0,100,100,0.5
49,34.798032042,718.0,75.0,True,100,0.5,1000000000,0,0,1000,1000000000.0,100,100,0.5
50,35.457590958,718.0,76.0,True,100,0.5,1000000000,0,0,1000,1000000000.0,100,100,0.5
51,36.612944999999996,718.0,77.0,True,100,0.5,1000000000,0,0,1000,1000000000.0,100,100,0.5
52,37.68489833300001,718.0,78.0,True,100,0.5,1000000000,0,0,1000,1000000000.0,100,100,0.5
53,38.860642291999994,718.0,79.0,True,100,0.5,1000000000,0,0,1000,1000000000.0,100,100,0.5
54,40.079225667,718.0,80.0,True,100,0.5,1000000000,0,0,1000,1000000000.0,100,100,0.5
55,41.20787679199999,718.0,81.0,True,100,0.5,1000000000,0,0,1000,1000000000.0,100,100,0.5
56,42.37488058300001,718.0,82.0,True,100,0.5,1000000000,0,0,1000,1000000000.0,100,100,0.5
57,43.472853375,718.0,83.0,True,100,0.5,1000000000,0,0,1000,1000000000.0,100,100,0.5
58,44.651602708,718.0,84.0,True,100,0.5,1000000000,0,0,1000,1000000000.0,100,100,0.5
59,45.746216375,718.0,85.0,True,100,0.5,1000000000,0,0,1000,1000000000.0,100,100,0.5
60,46.84945825,718.0,86.0,True,100,0.5,1000000000,0,0,1000,1000000000.0,100,100,0.5
61,47.937652708,718.0,87.0,True,100,0.5,1000000000,0,0,1000,1000000000.0,100,100,0.5
62,48.993492833000005,718.0,88.0,True,100,0.5,1000000000,0,0,1000,1000000000.0,100,100,0.5
63,50.047481042,718.0,89.0,True,100,0.5,1000000000,0,0,1000,1000000000.0,100,100,0.5
64,51.139825125,718.0,90.0,True,100,0.5,1000000000,0,0,1000,1000000000.0,100,100,0.5
65,52.225181417,718.0,91.0,True,100,0.5,1000000000,0,0,1000,1000000000.0,100,100,0.5
66,53.343458125,718.0,92.0,True,100,0.5,1000000000,0,0,1000,1000000000.0,100,100,0.5
67,54.434937667,718.0,93.0,True,100,0.5,1000000000,0,0,1000,1000000000.0,100,100,0.5
68,55.527913749999996,718.0,94.0,True,100,0.5,1000000000,0,0,1000,1000000000.0,100,100,0.5
69,56.626984542,718.0,95.0,True,100,0.5,1000000000,0,0,1000,1000000000.0,100,100,0.5
70,57.704026041999995,718.0,96.0,True,100,0.5,1000000000,0,0,1000,1000000000.0,100,100,0.5
71,58.787011625000005,718.0,97.0,True,100,0.5,1000000000,0,0,1000,1000000000.0,100,100,0.5
72,59.86577345800001,718.0,98.0,True,100,0.5,1000000000,0,0,1000,1000000000.0,100,100,0.5
73,60.942308583,718.0,99.0,True,100,0.5,1000000000,0,0,1000,1000000000.0,100,100,0.5
74,62.003639792,718.0,100.0,True,100,0.5,1000000000,0,0,1000,1000000000.0,100,100,0.5
75,63.07743074999999,718.0,101.0,True,100,0.5,1000000000,0,0,1000,1000000000.0,100,100,0.5
76,64.15459625,718.0,102.0,True,100,0.5,1000000000,0,0,1000,1000000000.0,100,100,0.5
77,65.221958542,718.0,103.0,True,100,0.5,1000000000,0,0,1000,1000000000.0,100,100,0.5
78,66.308125167,718.0,104.0,True,100,0.5,1000000000,0,0,1000,1000000000.0,100,100,0.5
79,67.38640724999999,718.0,105.0,True,100,0.5,1000000000,0,0,1000,1000000000.0,100,100,0.5
80,68.47009824999999,718.0,106.0,True,100,0.5,1000000000,0,0,1000,1000000000.0,100,100,0.5
81,69.570554667,718.0,107.0,True,100,0.5,1000000000,0,0,1000,1000000000.0,100,100,0.5
82,70.6506445,718.0,108.0,True,100,0.5,1000000000,0,0,1000,1000000000.0,100,100,0.5
83,71.72699025,718.0,109.0,True,100,0.5,1000000000,0,0,1000,1000000000.0,100,100,0.5
84,72.799848708,718.0,110.0,True,100,0.5,1000000000,0,0,1000,1000000000.0,100,100,0.5
85,73.866603417,718.0,111.0,True,100,0.5,1000000000,0,0,1000,1000000000.0,100,100,0.5
86,74.99759341699999,718.0,112.0,True,100,0.5,1000000000,0,0,1000,1000000000.0,100,100,0.5
87,76.06293825,718.0,113.0,True,100,0.5,1000000000,0,0,1000,1000000000.0,100,100,0.5
88,77.22211525,718.0,114.0,True,100,0.5,1000000000,0,0,1000,1000000000.0,100,100,0.5
89,78.301609375,718.0,115.0,True,100,0.5,1000000000,0,0,1000,1000000000.0,100,100,0.5
90,79.38596116699999,718.0,116.0,True,100,0.5,1000000000,0,0,1000,1000000000.0,100,100,0.5
91,80.473760417,718.0,117.0,True,100,0.5,1000000000,0,0,1000,1000000000.0,100,100,0.5
92,81.588464417,718.0,118.0,True,100,0.5,1000000000,0,0,1000,1000000000.0,100,100,0.5
93,82.689445917,718.0,119.0,True,100,0.5,1000000000,0,0,1000,1000000000.0,100,100,0.5
94,83.77085,718.0,120.0,True,100,0.5,1000000000,0,0,1000,1000000000.0,100,100,0.5
95,84.87405774999999,718.0,121.0,True,100,0.5,1000000000,0,0,1000,1000000000.0,100,100,0.5
96,85.979613875,718.0,122.0,True,100,0.5,1000000000,0,0,1000,1000000000.0,100,100,0.5
97,87.109469542,718.0,123.0,True,100,0.5,1000000000,0,0,1000,1000000000.0,100,100,0.5
98,88.194653792,718.0,124.0,True,100,0.5,1000000000,0,0,1000,1000000000.0,100,100,0.5
99,89.287222958,718.0,125.0,True,100,0.5,1000000000,0,0,1000,1000000000.0,100,100,0.5
100,90.388065833,718.0,126.0,True,100,0.5,1000000000,0,0,1000,1000000000.0,100,100,0.5
101,91.47882704199999,718.0,127.0,True,100,0.5,1000000000,0,0,1000,1000000000.0,100,100,0.5
102,92.61311524999999,718.0,128.0,True,100,0.5,1000000000,0,0,1000,1000000000.0,100,100,0.5
103,93.70818262499999,718.0,129.0,True,100,0.5,1000000000,0,0,1000,1000000000.0,100,100,0.5
104,94.79223058299999,718.0,130.0,True,100,0.5,1000000000,0,0,1000,1000000000.0,100,100,0.5
105,95.875220375,718.0,131.0,True,100,0.5,1000000000,0,0,1000,1000000000.0,100,100,0.5
106,96.970319667,718.0,132.0,True,100,0.5,1000000000,0,0,1000,1000000000.0,100,100,0.5
107,98.06705137499999,718.0,133.0,True,100,0.5,1000000000,0,0,1000,1000000000.0,100,100,0.5
108,99.164172417,718.0,134.0,True,100,0.5,1000000000,0,0,1000,1000000000.0,100,100,0.5
109,100.261324,718.0,135.0,True,100,0.5,1000000000,0,0,1000,1000000000.0,100,100,0.5
110,101.36922654199999,718.0,136.0,True,100,0.5,1000000000,0,0,1000,1000000000.0,100,100,0.5
111,102.471205625,718.0,137.0,True,100,0.5,1000000000,0,0,1000,1000000000.0,100,100,0.5
112,103.574576167,718.0,138.0,True,100,0.5,1000000000,0,0,1000,1000000000.0,100,100,0.5
113,104.660664167,718.0,139.0,True,100,0.5,1000000000,0,0,1000,1000000000.0,100,100,0.5
114,105.75441087499999,718.0,140.0,True,100,0.5,1000000000,0,0,1000,1000000000.0,100,100,0.5
115,106.865613333,718.0,141.0,True,100,0.5,1000000000,0,0,1000,1000000000.0,100,100,0.5
116,107.956732375,718.0,142.0,True,100,0.5,1000000000,0,0,1000,1000000000.0,100,100,0.5
117,109.04561425,718.0,143.0,True,100,0.5,1000000000,0,0,1000,1000000000.0,100,100,0.5
118,110.128911917,718.0,144.0,True,100,0.5,1000000000,0,0,1000,1000000000.0,100,100,0.5
119,111.20708120799999,718.0,145.0,True,100,0.5,1000000000,0,0,1000,1000000000.0,100,100,0.5
120,112.28938375,718.0,146.0,True,100,0.5,1000000000,0,0,1000,1000000000.0,100,100,0.5
121,113.396035708,718.0,147.0,True,100,0.5,1000000000,0,0,1000,1000000000.0,100,100,0.5
122,114.47805308299999,718.0,148.0,True,100,0.5,1000000000,0,0,1000,1000000000.0,100,100,0.5
123,115.591066125,718.0,149.0,True,100,0.5,1000000000,0,0,1000,1000000000.0,100,100,0.5
124,116.697682167,718.0,150.0,True,100,0.5,1000000000,0,0,1000,1000000000.0,100,100,0.5
125,117.788038583,718.0,151.0,True,100,0.5,1000000000,0,0,1000,1000000000.0,100,100,0.5
126,118.88722191699999,718.0,152.0,True,100,0.5,1000000000,0,0,1000,1000000000.0,100,100,0.5
127,119.993594,718.0,153.0,True,100,0.5,1000000000,0,0,1000,1000000000.0,100,100,0.5
128,121.065603458,718.0,154.0,True,100,0.5,1000000000,0,0,1000,1000000000.0,100,100,0.5
129,122.15971708299999,718.0,155.0,True,100,0.5,1000000000,0,0,1000,1000000000.0,100,100,0.5
130,123.31592075,718.0,156.0,True,100,0.5,1000000000,0,0,1000,1000000000.0,100,100,0.5
131,124.443331875,718.0,157.0,True,100,0.5,1000000000,0,0,1000,1000000000.0,100,100,0.5
132,125.56364504199999,718.0,158.0,True,100,0.5,1000000000,0,0,1000,1000000000.0,100,100,0.5
133,126.65510975000001,718.0,159.0,True,100,0.5,1000000000,0,0,1000,1000000000.0,100,100,0.5
134,127.75162558299999,718.0,160.0,True,100,0.5,1000000000,0,0,1000,1000000000.0,100,100,0.5
135,128.869450958,718.0,161.0,True,100,0.5,1000000000,0,0,1000,1000000000.0,100,100,0.5
136,129.963834625,718.0,162.0,True,100,0.5,1000000000,0,0,1000,1000000000.0,100,100,0.5
137,131.100692042,718.0,163.0,True,100,0.5,1000000000,0,0,1000,1000000000.0,100,100,0.5
138,132.202648375,718.0,164.0,True,100,0.5,1000000000,0,0,1000,1000000000.0,100,100,0.5
139,133.30208875,718.0,165.0,True,100,0.5,1000000000,0,0,1000,1000000000.0,100,100,0.5
0,0.0020147079999901507,473.0,0.0,True,100,0.5,1000000000,0,1,1000,1000000000.0,100,100,0.5
1,0.6951010829999973,541.0,2.0,True,100,0.5,1000000000,0,1,1000,1000000000.0,100,100,0.5
2,1.3801647500000058,541.0,3.0,True,100,0.5,1000000000,0,1,1000,1000000000.0,100,100,0.5
3,2.097880792000012,541.0,4.0,True,100,0.5,1000000000,0,1,1000,1000000000.0,100,100,0.5
4,2.830890833000012,542.0,6.0,True,100,0.5,1000000000,0,1,1000,1000000000.0,100,100,0.5
5,3.526538417000012,552.0,8.0,True,100,0.5,1000000000,0,1,1000,1000000000.0,100,100,0.5
6,4.248447166999995,552.0,9.0,True,100,0.5,1000000000,0,1,1000,1000000000.0,100,100,0.5
7,4.9837517919999925,554.0,11.0,True,100,0.5,1000000000,0,1,1000,1000000000.0,100,100,0.5
8,5.733908582999987,554.0,12.0,True,100,0.5,1000000000,0,1,1000,1000000000.0,100,100,0.5
9,6.468501624999988,565.0,14.0,True,100,0.5,1000000000,0,1,1000,1000000000.0,100,100,0.5
10,7.196680750000013,565.0,15.0,True,100,0.5,1000000000,0,1,1000,1000000000.0,100,100,0.5
11,7.920650875000007,565.0,16.0,True,100,0.5,1000000000,0,1,1000,1000000000.0,100,100,0.5
12,8.62511816700001,584.0,18.0,True,100,0.5,1000000000,0,1,1000,1000000000.0,100,100,0.5
13,9.301351624999995,584.0,19.0,True,100,0.5,1000000000,0,1,1000,1000000000.0,100,100,0.5
14,10.004356916999996,588.0,21.0,True,100,0.5,1000000000,0,1,1000,1000000000.0,100,100,0.5
15,10.737360999999993,591.0,23.0,True,100,0.5,1000000000,0,1,1000,1000000000.0,100,100,0.5
16,11.447490167000012,593.0,25.0,True,100,0.5,1000000000,0,1,1000,1000000000.0,100,100,0.5
17,12.16782195799999,602.0,27.0,True,100,0.5,1000000000,0,1,1000,1000000000.0,100,100,0.5
18,12.848915083000009,607.0,29.0,True,100,0.5,1000000000,0,1,1000,1000000000.0,100,100,0.5
19,13.578158583000004,617.0,31.0,True,100,0.5,1000000000,0,1,1000,1000000000.0,100,100,0.5
20,14.258893166999997,628.0,33.0,True,100,0.5,1000000000,0,1,1000,1000000000.0,100,100,0.5
21,14.959193416999994,629.0,35.0,True,100,0.5,1000000000,0,1,1000,1000000000.0,100,100,0.5
22,15.659516832999998,629.0,36.0,True,100,0.5,1000000000,0,1,1000,1000000000.0,100,100,0.5
23,16.335453833000003,649.0,38.0,True,100,0.5,1000000000,0,1,1000,1000000000.0,100,100,0.5
24,17.117462417000013,649.0,39.0,True,100,0.5,1000000000,0,1,1000,1000000000.0,100,100,0.5
25,17.93802979200001,649.0,40.0,True,100,0.5,1000000000,0,1,1000,1000000000.0,100,100,0.5
26,18.65077308299999,658.0,42.0,True,100,0.5,1000000000,0,1,1000,1000000000.0,100,100,0.5
27,19.330718792,659.0,44.0,True,100,0.5,1000000000,0,1,1000,1000000000.0,100,100,0.5
28,19.988133750000003,664.0,46.0,True,100,0.5,1000000000,0,1,1000,1000000000.0,100,100,0.5
29,20.645382374999997,673.0,48.0,True,100,0.5,1000000000,0,1,1000,1000000000.0,100,100,0.5
30,21.30673737500001,673.0,49.0,True,100,0.5,1000000000,0,1,1000,1000000000.0,100,100,0.5
31,22.047291333000004,678.0,51.0,True,100,0.5,1000000000,0,1,1000,1000000000.0,100,100,0.5
32,22.705174083000003,680.0,53.0,True,100,0.5,1000000000,0,1,1000,1000000000.0,100,100,0.5
33,23.441122791999987,688.0,55.0,True,100,0.5,1000000000,0,1,1000,1000000000.0,100,100,0.5
34,24.185961125000006,688.0,56.0,True,100,0.5,1000000000,0,1,1000,1000000000.0,100,100,0.5
35,24.888561374999995,694.0,58.0,True,100,0.5,1000000000,0,1,1000,1000000000.0,100,100,0.5
36,25.523586249999994,696.0,60.0,True,100,0.5,1000000000,0,1,1000,1000000000.0,100,100,0.5
37,26.165387374999995,702.0,62.0,True,100,0.5,1000000000,0,1,1000,1000000000.0,100,100,0.5
38,26.797092125000006,704.0,64.0,True,100,0.5,1000000000,0,1,1000,1000000000.0,100,100,0.5
39,27.61364095799999,706.0,66.0,True,100,0.5,1000000000,0,1,1000,1000000000.0,100,100,0.5
40,28.232413957999995,710.0,68.0,True,100,0.5,1000000000,0,1,1000,1000000000.0,100,100,0.5
41,28.92028024999999,710.0,69.0,True,100,0.5,1000000000,0,1,1000,1000000000.0,100,100,0.5
42,29.625853000000006,710.0,70.0,True,100,0.5,1000000000,0,1,1000,1000000000.0,100,100,0.5
43,30.383853958000003,712.0,72.0,True,100,0.5,1000000000,0,1,1000,1000000000.0,100,100,0.5
44,31.091190458,712.0,73.0,True,100,0.5,1000000000,0,1,1000,1000000000.0,100,100,0.5
45,32.12014937500001,712.0,74.0,True,100,0.5,1000000000,0,1,1000,1000000000.0,100,100,0.5
46,33.016318833000014,712.0,75.0,True,100,0.5,1000000000,0,1,1000,1000000000.0,100,100,0.5
47,33.75177854200001,712.0,76.0,True,100,0.5,1000000000,0,1,1000,1000000000.0,100,100,0.5
48,34.397404042000005,712.0,77.0,True,100,0.5,1000000000,0,1,1000,1000000000.0,100,100,0.5
49,35.488569291999994,712.0,78.0,True,100,0.5,1000000000,0,1,1000,1000000000.0,100,100,0.5
50,36.638830291999994,712.0,79.0,True,100,0.5,1000000000,0,1,1000,1000000000.0,100,100,0.5
51,37.748625041999986,712.0,80.0,True,100,0.5,1000000000,0,1,1000,1000000000.0,100,100,0.5
52,38.83676887499999,712.0,81.0,True,100,0.5,1000000000,0,1,1000,1000000000.0,100,100,0.5
53,39.93890704200001,712.0,82.0,True,100,0.5,1000000000,0,1,1000,1000000000.0,100,100,0.5
54,41.167680125000004,712.0,83.0,True,100,0.5,1000000000,0,1,1000,1000000000.0,100,100,0.5
55,42.271208624999986,712.0,84.0,True,100,0.5,1000000000,0,1,1000,1000000000.0,100,100,0.5
56,43.393843292000014,712.0,85.0,True,100,0.5,1000000000,0,1,1000,1000000000.0,100,100,0.5
57,44.496609167,712.0,86.0,True,100,0.5,1000000000,0,1,1000,1000000000.0,100,100,0.5
58,45.58881820799999,712.0,87.0,True,100,0.5,1000000000,0,1,1000,1000000000.0,100,100,0.5
59,46.70563525,712.0,88.0,True,100,0.5,1000000000,0,1,1000,1000000000.0,100,100,0.5
60,47.79807095800001,712.0,89.0,True,100,0.5,1000000000,0,1,1000,1000000000.0,100,100,0.5
61,48.897550792000004,712.0,90.0,True,100,0.5,1000000000,0,1,1000,1000000000.0,100,100,0.5
62,50.02281829200001,712.0,91.0,True,100,0.5,1000000000,0,1,1000,1000000000.0,100,100,0.5
63,51.109954458000004,712.0,92.0,True,100,0.5,1000000000,0,1,1000,1000000000.0,100,100,0.5
64,52.23606137499999,712.0,93.0,True,100,0.5,1000000000,0,1,1000,1000000000.0,100,100,0.5
65,53.376175042,712.0,94.0,True,100,0.5,1000000000,0,1,1000,1000000000.0,100,100,0.5
66,54.49242212499999,712.0,95.0,True,100,0.5,1000000000,0,1,1000,1000000000.0,100,100,0.5
67,55.610824167000004,712.0,96.0,True,100,0.5,1000000000,0,1,1000,1000000000.0,100,100,0.5
68,56.699129666999994,712.0,97.0,True,100,0.5,1000000000,0,1,1000,1000000000.0,100,100,0.5
69,57.788671042000004,712.0,98.0,True,100,0.5,1000000000,0,1,1000,1000000000.0,100,100,0.5
70,58.89873120799999,712.0,99.0,True,100,0.5,1000000000,0,1,1000,1000000000.0,100,100,0.5
71,60.020241333,712.0,100.0,True,100,0.5,1000000000,0,1,1000,1000000000.0,100,100,0.5
72,61.119286625,712.0,101.0,True,100,0.5,1000000000,0,1,1000,1000000000.0,100,100,0.5
73,62.26298666700001,712.0,102.0,True,100,0.5,1000000000,0,1,1000,1000000000.0,100,100,0.5
74,63.378061417,712.0,103.0,True,100,0.5,1000000000,0,1,1000,1000000000.0,100,100,0.5
75,64.488457458,712.0,104.0,True,100,0.5,1000000000,0,1,1000,1000000000.0,100,100,0.5
76,65.61477308299999,712.0,105.0,True,100,0.5,1000000000,0,1,1000,1000000000.0,100,100,0.5
77,66.73653891699999,712.0,106.0,True,100,0.5,1000000000,0,1,1000,1000000000.0,100,100,0.5
78,67.82916095799999,712.0,107.0,True,100,0.5,1000000000,0,1,1000,1000000000.0,100,100,0.5
79,68.93844283300001,712.0,108.0,True,100,0.5,1000000000,0,1,1000,1000000000.0,100,100,0.5
80,70.10361470800001,712.0,109.0,True,100,0.5,1000000000,0,1,1000,1000000000.0,100,100,0.5
81,71.20246445800001,712.0,110.0,True,100,0.5,1000000000,0,1,1000,1000000000.0,100,100,0.5
82,72.36204766700001,712.0,111.0,True,100,0.5,1000000000,0,1,1000,1000000000.0,100,100,0.5
83,73.47930220800001,712.0,112.0,True,100,0.5,1000000000,0,1,1000,1000000000.0,100,100,0.5
84,74.59888783299999,712.0,113.0,True,100,0.5,1000000000,0,1,1000,1000000000.0,100,100,0.5
85,75.745030958,712.0,114.0,True,100,0.5,1000000000,0,1,1000,1000000000.0,100,100,0.5
86,76.82708529199999,712.0,115.0,True,100,0.5,1000000000,0,1,1000,1000000000.0,100,100,0.5
87,77.979649875,712.0,116.0,True,100,0.5,1000000000,0,1,1000,1000000000.0,100,100,0.5
88,79.155979167,712.0,117.0,True,100,0.5,1000000000,0,1,1000,1000000000.0,100,100,0.5
89,80.27845024999999,712.0,118.0,True,100,0.5,1000000000,0,1,1000,1000000000.0,100,100,0.5
90,81.429861792,712.0,119.0,True,100,0.5,1000000000,0,1,1000,1000000000.0,100,100,0.5
91,82.554969333,712.0,120.0,True,100,0.5,1000000000,0,1,1000,1000000000.0,100,100,0.5
92,83.67917216699999,712.0,121.0,True,100,0.5,1000000000,0,1,1000,1000000000.0,100,100,0.5
93,84.85183329200001,712.0,122.0,True,100,0.5,1000000000,0,1,1000,1000000000.0,100,100,0.5
94,85.96451250000001,712.0,123.0,True,100,0.5,1000000000,0,1,1000,1000000000.0,100,100,0.5
95,87.07276970800001,712.0,124.0,True,100,0.5,1000000000,0,1,1000,1000000000.0,100,100,0.5
96,88.18348316699999,712.0,125.0,True,100,0.5,1000000000,0,1,1000,1000000000.0,100,100,0.5
97,89.281306917,712.0,126.0,True,100,0.5,1000000000,0,1,1000,1000000000.0,100,100,0.5
98,90.459423625,712.0,127.0,True,100,0.5,1000000000,0,1,1000,1000000000.0,100,100,0.5
99,91.56696708300001,712.0,128.0,True,100,0.5,1000000000,0,1,1000,1000000000.0,100,100,0.5
100,92.72246891699999,712.0,129.0,True,100,0.5,1000000000,0,1,1000,1000000000.0,100,100,0.5
101,93.86188475,712.0,130.0,True,100,0.5,1000000000,0,1,1000,1000000000.0,100,100,0.5
102,94.97580612499999,712.0,131.0,True,100,0.5,1000000000,0,1,1000,1000000000.0,100,100,0.5
103,96.10460633299999,712.0,132.0,True,100,0.5,1000000000,0,1,1000,1000000000.0,100,100,0.5
104,97.204832958,712.0,133.0,True,100,0.5,1000000000,0,1,1000,1000000000.0,100,100,0.5
105,98.329833208,712.0,134.0,True,100,0.5,1000000000,0,1,1000,1000000000.0,100,100,0.5
106,99.501954208,712.0,135.0,True,100,0.5,1000000000,0,1,1000,1000000000.0,100,100,0.5
107,100.64324554199999,712.0,136.0,True,100,0.5,1000000000,0,1,1000,1000000000.0,100,100,0.5
108,101.850987083,712.0,137.0,True,100,0.5,1000000000,0,1,1000,1000000000.0,100,100,0.5
109,102.98849083299999,712.0,138.0,True,100,0.5,1000000000,0,1,1000,1000000000.0,100,100,0.5
110,104.123602458,712.0,139.0,True,100,0.5,1000000000,0,1,1000,1000000000.0,100,100,0.5
111,105.253554917,712.0,140.0,True,100,0.5,1000000000,0,1,1000,1000000000.0,100,100,0.5
112,106.393748292,712.0,141.0,True,100,0.5,1000000000,0,1,1000,1000000000.0,100,100,0.5
113,107.501085542,712.0,142.0,True,100,0.5,1000000000,0,1,1000,1000000000.0,100,100,0.5
114,108.607324917,712.0,143.0,True,100,0.5,1000000000,0,1,1000,1000000000.0,100,100,0.5
115,109.70381516699999,712.0,144.0,True,100,0.5,1000000000,0,1,1000,1000000000.0,100,100,0.5
116,110.884359125,712.0,145.0,True,100,0.5,1000000000,0,1,1000,1000000000.0,100,100,0.5
117,112.022069625,712.0,146.0,True,100,0.5,1000000000,0,1,1000,1000000000.0,100,100,0.5
118,113.15859412500001,712.0,147.0,True,100,0.5,1000000000,0,1,1000,1000000000.0,100,100,0.5
119,114.28123979200001,712.0,148.0,True,100,0.5,1000000000,0,1,1000,1000000000.0,100,100,0.5
120,115.416996125,712.0,149.0,True,100,0.5,1000000000,0,1,1000,1000000000.0,100,100,0.5
121,116.560576833,712.0,150.0,True,100,0.5,1000000000,0,1,1000,1000000000.0,100,100,0.5
122,117.655625792,712.0,151.0,True,100,0.5,1000000000,0,1,1000,1000000000.0,100,100,0.5
123,118.718793833,712.0,152.0,True,100,0.5,1000000000,0,1,1000,1000000000.0,100,100,0.5
124,119.88105679200001,712.0,153.0,True,100,0.5,1000000000,0,1,1000,1000000000.0,100,100,0.5
125,121.040297667,712.0,154.0,True,100,0.5,1000000000,0,1,1000,1000000000.0,100,100,0.5
126,122.176392792,712.0,155.0,True,100,0.5,1000000000,0,1,1000,1000000000.0,100,100,0.5
127,123.314202083,712.0,156.0,True,100,0.5,1000000000,0,1,1000,1000000000.0,100,100,0.5
128,124.44199333300003,712.0,157.0,True,100,0.5,1000000000,0,1,1000,1000000000.0,100,100,0.5
129,125.58521837500001,712.0,158.0,True,100,0.5,1000000000,0,1,1000,1000000000.0,100,100,0.5
130,126.724843292,712.0,159.0,True,100,0.5,1000000000,0,1,1000,1000000000.0,100,100,0.5
131,127.86808174999999,712.0,160.0,True,100,0.5,1000000000,0,1,1000,1000000000.0,100,100,0.5
132,128.98193425,712.0,161.0,True,100,0.5,1000000000,0,1,1000,1000000000.0,100,100,0.5
133,130.097059875,712.0,162.0,True,100,0.5,1000000000,0,1,1000,1000000000.0,100,100,0.5
134,131.21649424999998,712.0,163.0,True,100,0.5,1000000000,0,1,1000,1000000000.0,100,100,0.5
135,132.57210079200001,712.0,164.0,True,100,0.5,1000000000,0,1,1000,1000000000.0,100,100,0.5
136,133.786919083,712.0,165.0,True,100,0.5,1000000000,0,1,1000,1000000000.0,100,100,0.5
137,134.967770792,712.0,166.0,True,100,0.5,1000000000,0,1,1000,1000000000.0,100,100,0.5
138,136.0783225,712.0,167.0,True,100,0.5,1000000000,0,1,1000,1000000000.0,100,100,0.5
139,137.16807679200002,712.0,168.0,True,100,0.5,1000000000,0,1,1000,1000000000.0,100,100,0.5
140,138.280479458,712.0,169.0,True,100,0.5,1000000000,0,1,1000,1000000000.0,100,100,0.5
141,139.38080487500002,712.0,170.0,True,100,0.5,1000000000,0,1,1000,1000000000.0,100,100,0.5
142,140.487520792,712.0,171.0,True,100,0.5,1000000000,0,1,1000,1000000000.0,100,100,0.5
143,141.59613570800002,712.0,172.0,True,100,0.5,1000000000,0,1,1000,1000000000.0,100,100,0.5
0,0.0017258329999663147,469.0,0.0,True,100,0.5,1000000000,0,2,1000,1000000000.0,100,100,0.5
1,0.7246189159999972,547.0,2.0,True,100,0.5,1000000000,0,2,1000,1000000000.0,100,100,0.5
2,1.4919754579999562,547.0,3.0,True,100,0.5,1000000000,0,2,1000,1000000000.0,100,100,0.5
3,2.2400460829999815,547.0,4.0,True,100,0.5,1000000000,0,2,1000,1000000000.0,100,100,0.5
4,2.9454920000000016,547.0,5.0,True,100,0.5,1000000000,0,2,1000,1000000000.0,100,100,0.5
5,3.6726364999999532,547.0,6.0,True,100,0.5,1000000000,0,2,1000,1000000000.0,100,100,0.5
6,4.391148375,551.0,8.0,True,100,0.5,1000000000,0,2,1000,1000000000.0,100,100,0.5
7,5.102815790999955,551.0,9.0,True,100,0.5,1000000000,0,2,1000,1000000000.0,100,100,0.5
8,5.847173374999954,551.0,10.0,True,100,0.5,1000000000,0,2,1000,1000000000.0,100,100,0.5
9,6.5926461249999875,557.0,12.0,True,100,0.5,1000000000,0,2,1000,1000000000.0,100,100,0.5
10,7.333608707999986,557.0,13.0,True,100,0.5,1000000000,0,2,1000,1000000000.0,100,100,0.5
11,8.08770224999995,566.0,15.0,True,100,0.5,1000000000,0,2,1000,1000000000.0,100,100,0.5
12,8.858077374999993,568.0,17.0,True,100,0.5,1000000000,0,2,1000,1000000000.0,100,100,0.5
13,9.61069970799997,568.0,18.0,True,100,0.5,1000000000,0,2,1000,1000000000.0,100,100,0.5
14,10.408181082999988,578.0,20.0,True,100,0.5,1000000000,0,2,1000,1000000000.0,100,100,0.5
15,11.201888790999988,585.0,22.0,True,100,0.5,1000000000,0,2,1000,1000000000.0,100,100,0.5
16,12.006977124999992,585.0,23.0,True,100,0.5,1000000000,0,2,1000,1000000000.0,100,100,0.5
17,12.781149915999947,597.0,25.0,True,100,0.5,1000000000,0,2,1000,1000000000.0,100,100,0.5
18,13.527211832999967,599.0,27.0,True,100,0.5,1000000000,0,2,1000,1000000000.0,100,100,0.5
19,14.257010957999967,601.0,29.0,True,100,0.5,1000000000,0,2,1000,1000000000.0,100,100,0.5
20,15.013408665999975,609.0,31.0,True,100,0.5,1000000000,0,2,1000,1000000000.0,100,100,0.5
21,15.74584324999995,614.0,33.0,True,100,0.5,1000000000,0,2,1000,1000000000.0,100,100,0.5
22,16.453310499999986,635.0,35.0,True,100,0.5,1000000000,0,2,1000,1000000000.0,100,100,0.5
23,17.233024833,635.0,36.0,True,100,0.5,1000000000,0,2,1000,1000000000.0,100,100,0.5
24,17.974967332999995,635.0,37.0,True,100,0.5,1000000000,0,2,1000,1000000000.0,100,100,0.5
25,18.700408790999973,637.0,39.0,True,100,0.5,1000000000,0,2,1000,1000000000.0,100,100,0.5
26,19.424777207999966,643.0,41.0,True,100,0.5,1000000000,0,2,1000,1000000000.0,100,100,0.5
27,20.12435049999999,647.0,43.0,True,100,0.5,1000000000,0,2,1000,1000000000.0,100,100,0.5
28,20.897606749999966,658.0,45.0,True,100,0.5,1000000000,0,2,1000,1000000000.0,100,100,0.5
29,21.65195829099997,663.0,47.0,True,100,0.5,1000000000,0,2,1000,1000000000.0,100,100,0.5
30,22.357777124999984,673.0,49.0,True,100,0.5,1000000000,0,2,1000,1000000000.0,100,100,0.5
31,23.028599874999998,673.0,50.0,True,100,0.5,1000000000,0,2,1000,1000000000.0,100,100,0.5
32,23.760589374999995,675.0,52.0,True,100,0.5,1000000000,0,2,1000,1000000000.0,100,100,0.5
33,24.43164349999995,679.0,54.0,True,100,0.5,1000000000,0,2,1000,1000000000.0,100,100,0.5
34,25.139166124999974,681.0,56.0,True,100,0.5,1000000000,0,2,1000,1000000000.0,100,100,0.5
35,25.786268332999953,689.0,58.0,True,100,0.5,1000000000,0,2,1000,1000000000.0,100,100,0.5
36,26.46973991599998,689.0,59.0,True,100,0.5,1000000000,0,2,1000,1000000000.0,100,100,0.5
37,27.232824290999986,689.0,60.0,True,100,0.5,1000000000,0,2,1000,1000000000.0,100,100,0.5
38,27.984583708000002,691.0,62.0,True,100,0.5,1000000000,0,2,1000,1000000000.0,100,100,0.5
39,28.69698191599997,693.0,64.0,True,100,0.5,1000000000,0,2,1000,1000000000.0,100,100,0.5
40,29.433831374999954,695.0,66.0,True,100,0.5,1000000000,0,2,1000,1000000000.0,100,100,0.5
41,30.217705457999955,699.0,68.0,True,100,0.5,1000000000,0,2,1000,1000000000.0,100,100,0.5
42,31.335762875,699.0,69.0,True,100,0.5,1000000000,0,2,1000,1000000000.0,100,100,0.5
43,32.063504999999964,699.0,70.0,True,100,0.5,1000000000,0,2,1000,1000000000.0,100,100,0.5
44,32.92900849999995,701.0,72.0,True,100,0.5,1000000000,0,2,1000,1000000000.0,100,100,0.5
45,33.71508299999999,703.0,74.0,True,100,0.5,1000000000,0,2,1000,1000000000.0,100,100,0.5
46,34.60495787499997,703.0,75.0,True,100,0.5,1000000000,0,2,1000,1000000000.0,100,100,0.5
47,35.406089874999964,703.0,76.0,True,100,0.5,1000000000,0,2,1000,1000000000.0,100,100,0.5
48,36.354570499999966,703.0,77.0,True,100,0.5,1000000000,0,2,1000,1000000000.0,100,100,0.5
49,37.163220165999974,703.0,78.0,True,100,0.5,1000000000,0,2,1000,1000000000.0,100,100,0.5
50,38.034962415999985,705.0,80.0,True,100,0.5,1000000000,0,2,1000,1000000000.0,100,100,0.5
51,38.72142379099995,705.0,81.0,True,100,0.5,1000000000,0,2,1000,1000000000.0,100,100,0.5
52,39.89710654099997,705.0,82.0,True,100,0.5,1000000000,0,2,1000,1000000000.0,100,100,0.5
53,41.06108312499998,705.0,83.0,True,100,0.5,1000000000,0,2,1000,1000000000.0,100,100,0.5
54,42.25862862499997,705.0,84.0,True,100,0.5,1000000000,0,2,1000,1000000000.0,100,100,0.5
55,43.38274899999999,705.0,85.0,True,100,0.5,1000000000,0,2,1000,1000000000.0,100,100,0.5
56,44.51654383299996,705.0,86.0,True,100,0.5,1000000000,0,2,1000,1000000000.0,100,100,0.5
57,45.65868991599996,705.0,87.0,True,100,0.5,1000000000,0,2,1000,1000000000.0,100,100,0.5
58,46.808623458,705.0,88.0,True,100,0.5,1000000000,0,2,1000,1000000000.0,100,100,0.5
59,47.993240625,705.0,89.0,True,100,0.5,1000000000,0,2,1000,1000000000.0,100,100,0.5
60,49.119287875,705.0,90.0,True,100,0.5,1000000000,0,2,1000,1000000000.0,100,100,0.5
61,50.25485937499997,705.0,91.0,True,100,0.5,1000000000,0,2,1000,1000000000.0,100,100,0.5
62,51.38543083299999,705.0,92.0,True,100,0.5,1000000000,0,2,1000,1000000000.0,100,100,0.5
63,52.55581829099998,705.0,93.0,True,100,0.5,1000000000,0,2,1000,1000000000.0,100,100,0.5
64,53.67987825,705.0,94.0,True,100,0.5,1000000000,0,2,1000,1000000000.0,100,100,0.5
65,54.82713504099996,705.0,95.0,True,100,0.5,1000000000,0,2,1000,1000000000.0,100,100,0.5
66,56.04071070799995,705.0,96.0,True,100,0.5,1000000000,0,2,1000,1000000000.0,100,100,0.5
67,57.174117207999984,705.0,97.0,True,100,0.5,1000000000,0,2,1000,1000000000.0,100,100,0.5
68,58.33542395799998,705.0,98.0,True,100,0.5,1000000000,0,2,1000,1000000000.0,100,100,0.5
69,59.548536125,705.0,99.0,True,100,0.5,1000000000,0,2,1000,1000000000.0,100,100,0.5
70,60.69677645799999,705.0,100.0,True,100,0.5,1000000000,0,2,1000,1000000000.0,100,100,0.5
71,61.87965379099995,705.0,101.0,True,100,0.5,1000000000,0,2,1000,1000000000.0,100,100,0.5
72,63.046871040999974,705.0,102.0,True,100,0.5,1000000000,0,2,1000,1000000000.0,100,100,0.5
73,64.16465358299996,705.0,103.0,True,100,0.5,1000000000,0,2,1000,1000000000.0,100,100,0.5
74,65.29523949999998,705.0,104.0,True,100,0.5,1000000000,0,2,1000,1000000000.0,100,100,0.5
75,66.43460279099997,705.0,105.0,True,100,0.5,1000000000,0,2,1000,1000000000.0,100,100,0.5
76,67.56912679099997,705.0,106.0,True,100,0.5,1000000000,0,2,1000,1000000000.0,100,100,0.5
77,68.74541354099995,705.0,107.0,True,100,0.5,1000000000,0,2,1000,1000000000.0,100,100,0.5
78,69.93709266599996,705.0,108.0,True,100,0.5,1000000000,0,2,1000,1000000000.0,100,100,0.5
79,71.04990387499998,705.0,109.0,True,100,0.5,1000000000,0,2,1000,1000000000.0,100,100,0.5
80,72.16866004099995,705.0,110.0,True,100,0.5,1000000000,0,2,1000,1000000000.0,100,100,0.5
81,73.35466908299998,705.0,111.0,True,100,0.5,1000000000,0,2,1000,1000000000.0,100,100,0.5
82,74.54200554099998,705.0,112.0,True,100,0.5,1000000000,0,2,1000,1000000000.0,100,100,0.5
83,75.725881625,705.0,113.0,True,100,0.5,1000000000,0,2,1000,1000000000.0,100,100,0.5
84,76.86753570799999,705.0,114.0,True,100,0.5,1000000000,0,2,1000,1000000000.0,100,100,0.5
85,77.98076016599998,705.0,115.0,True,100,0.5,1000000000,0,2,1000,1000000000.0,100,100,0.5
86,79.117340958,705.0,116.0,True,100,0.5,1000000000,0,2,1000,1000000000.0,100,100,0.5
87,80.25098087499998,705.0,117.0,True,100,0.5,1000000000,0,2,1000,1000000000.0,100,100,0.5
88,81.40241020799999,705.0,118.0,True,100,0.5,1000000000,0,2,1000,1000000000.0,100,100,0.5
89,82.56725066599995,705.0,119.0,True,100,0.5,1000000000,0,2,1000,1000000000.0,100,100,0.5
90,83.705897666,705.0,120.0,True,100,0.5,1000000000,0,2,1000,1000000000.0,100,100,0.5
91,84.85954045799997,705.0,121.0,True,100,0.5,1000000000,0,2,1000,1000000000.0,100,100,0.5
92,86.01354466599997,705.0,122.0,True,100,0.5,1000000000,0,2,1000,1000000000.0,100,100,0.5
93,87.204517958,705.0,123.0,True,100,0.5,1000000000,0,2,1000,1000000000.0,100,100,0.5
94,88.37572674999996,705.0,124.0,True,100,0.5,1000000000,0,2,1000,1000000000.0,100,100,0.5
95,89.58042708299996,705.0,125.0,True,100,0.5,1000000000,0,2,1000,1000000000.0,100,100,0.5
96,90.688963833,705.0,126.0,True,100,0.5,1000000000,0,2,1000,1000000000.0,100,100,0.5
97,91.82739375,705.0,127.0,True,100,0.5,1000000000,0,2,1000,1000000000.0,100,100,0.5
98,92.97947762499996,705.0,128.0,True,100,0.5,1000000000,0,2,1000,1000000000.0,100,100,0.5
99,94.13554583299998,705.0,129.0,True,100,0.5,1000000000,0,2,1000,1000000000.0,100,100,0.5
100,95.326002125,705.0,130.0,True,100,0.5,1000000000,0,2,1000,1000000000.0,100,100,0.5
101,96.45605037499996,705.0,131.0,True,100,0.5,1000000000,0,2,1000,1000000000.0,100,100,0.5
102,97.54268149999996,705.0,132.0,True,100,0.5,1000000000,0,2,1000,1000000000.0,100,100,0.5
103,98.69119137499996,705.0,133.0,True,100,0.5,1000000000,0,2,1000,1000000000.0,100,100,0.5
104,99.81144162499999,705.0,134.0,True,100,0.5,1000000000,0,2,1000,1000000000.0,100,100,0.5
105,100.89847770799997,705.0,135.0,True,100,0.5,1000000000,0,2,1000,1000000000.0,100,100,0.5
106,102.02682449999998,705.0,136.0,True,100,0.5,1000000000,0,2,1000,1000000000.0,100,100,0.5
107,103.12171366599995,705.0,137.0,True,100,0.5,1000000000,0,2,1000,1000000000.0,100,100,0.5
108,104.27124999999995,705.0,138.0,True,100,0.5,1000000000,0,2,1000,1000000000.0,100,100,0.5
109,105.38343066599998,705.0,139.0,True,100,0.5,1000000000,0,2,1000,1000000000.0,100,100,0.5
110,106.53013979099995,705.0,140.0,True,100,0.5,1000000000,0,2,1000,1000000000.0,100,100,0.5
111,107.74833420799996,705.0,141.0,True,100,0.5,1000000000,0,2,1000,1000000000.0,100,100,0.5
112,108.870109625,705.0,142.0,True,100,0.5,1000000000,0,2,1000,1000000000.0,100,100,0.5
113,109.97972391599995,705.0,143.0,True,100,0.5,1000000000,0,2,1000,1000000000.0,100,100,0.5
114,111.10858879099999,705.0,144.0,True,100,0.5,1000000000,0,2,1000,1000000000.0,100,100,0.5
115,112.23554862499998,705.0,145.0,True,100,0.5,1000000000,0,2,1000,1000000000.0,100,100,0.5
116,113.36685158299997,705.0,146.0,True,100,0.5,1000000000,0,2,1000,1000000000.0,100,100,0.5
117,114.49578187499998,705.0,147.0,True,100,0.5,1000000000,0,2,1000,1000000000.0,100,100,0.5
118,115.68716216599995,705.0,148.0,True,100,0.5,1000000000,0,2,1000,1000000000.0,100,100,0.5
119,116.78571949999997,705.0,149.0,True,100,0.5,1000000000,0,2,1000,1000000000.0,100,100,0.5
120,117.89263824999995,705.0,150.0,True,100,0.5,1000000000,0,2,1000,1000000000.0,100,100,0.5
121,118.98853079099996,705.0,151.0,True,100,0.5,1000000000,0,2,1000,1000000000.0,100,100,0.5
122,120.10454987499998,705.0,152.0,True,100,0.5,1000000000,0,2,1000,1000000000.0,100,100,0.5
123,121.32604341599995,705.0,153.0,True,100,0.5,1000000000,0,2,1000,1000000000.0,100,100,0.5
124,122.48003883299998,705.0,154.0,True,100,0.5,1000000000,0,2,1000,1000000000.0,100,100,0.5
125,123.62089270799999,705.0,155.0,True,100,0.5,1000000000,0,2,1000,1000000000.0,100,100,0.5
126,124.729978125,705.0,156.0,True,100,0.5,1000000000,0,2,1000,1000000000.0,100,100,0.5
127,125.86864937499996,705.0,157.0,True,100,0.5,1000000000,0,2,1000,1000000000.0,100,100,0.5
128,127.00468891599996,705.0,158.0,True,100,0.5,1000000000,0,2,1000,1000000000.0,100,100,0.5
129,128.13777866599997,705.0,159.0,True,100,0.5,1000000000,0,2,1000,1000000000.0,100,100,0.5
130,129.27351945799995,705.0,160.0,True,100,0.5,1000000000,0,2,1000,1000000000.0,100,100,0.5
131,130.44435795799996,705.0,161.0,True,100,0.5,1000000000,0,2,1000,1000000000.0,100,100,0.5
132,131.593024458,705.0,162.0,True,100,0.5,1000000000,0,2,1000,1000000000.0,100,100,0.5
133,132.70003854099997,705.0,163.0,True,100,0.5,1000000000,0,2,1000,1000000000.0,100,100,0.5
134,133.78128762499995,705.0,164.0,True,100,0.5,1000000000,0,2,1000,1000000000.0,100,100,0.5
135,134.86516704099995,705.0,165.0,True,100,0.5,1000000000,0,2,1000,1000000000.0,100,100,0.5
136,135.9533295,705.0,166.0,True,100,0.5,1000000000,0,2,1000,1000000000.0,100,100,0.5
137,137.04258649999997,705.0,167.0,True,100,0.5,1000000000,0,2,1000,1000000000.0,100,100,0.5
138,138.15583620799998,705.0,168.0,True,100,0.5,1000000000,0,2,1000,1000000000.0,100,100,0.5
139,139.248249833,705.0,169.0,True,100,0.5,1000000000,0,2,1000,1000000000.0,100,100,0.5
140,140.36503466599999,705.0,170.0,True,100,0.5,1000000000,0,2,1000,1000000000.0,100,100,0.5
141,141.46046829099998,705.0,171.0,True,100,0.5,1000000000,0,2,1000,1000000000.0,100,100,0.5
142,142.57079979099996,705.0,172.0,True,100,0.5,1000000000,0,2,1000,1000000000.0,100,100,0.5
143,143.66697849999997,705.0,173.0,True,100,0.5,1000000000,0,2,1000,1000000000.0,100,100,0.5
144,144.80588295799998,705.0,174.0,True,100,0.5,1000000000,0,2,1000,1000000000.0,100,100,0.5
145,145.929769583,705.0,175.0,True,100,0.5,1000000000,0,2,1000,1000000000.0,100,100,0.5
146,147.03151095799996,705.0,176.0,True,100,0.5,1000000000,0,2,1000,1000000000.0,100,100,0.5
147,148.136433958,705.0,177.0,True,100,0.5,1000000000,0,2,1000,1000000000.0,100,100,0.5
148,149.22353695799995,705.0,178.0,True,100,0.5,1000000000,0,2,1000,1000000000.0,100,100,0.5
149,150.37463824999998,705.0,179.0,True,100,0.5,1000000000,0,2,1000,1000000000.0,100,100,0.5
150,151.51911433299995,705.0,180.0,True,100,0.5,1000000000,0,2,1000,1000000000.0,100,100,0.5
0,0.0018942910000419033,491.0,0.0,True,100,0.5,1000000000,0,3,1000,1000000000.0,100,100,0.5
1,0.7385910410000065,535.0,2.0,True,100,0.5,1000000000,0,3,1000,1000000000.0,100,100,0.5
2,1.5201243330000125,553.0,4.0,True,100,0.5,1000000000,0,3,1000,1000000000.0,100,100,0.5
3,2.28436233299999,553.0,5.0,True,100,0.5,1000000000,0,3,1000,1000000000.0,100,100,0.5
4,2.9990899160000026,553.0,6.0,True,100,0.5,1000000000,0,3,1000,1000000000.0,100,100,0.5
5,3.777060875000018,553.0,7.0,True,100,0.5,1000000000,0,3,1000,1000000000.0,100,100,0.5
6,4.489455000000021,553.0,8.0,True,100,0.5,1000000000,0,3,1000,1000000000.0,100,100,0.5
7,5.194454124999993,553.0,9.0,True,100,0.5,1000000000,0,3,1000,1000000000.0,100,100,0.5
8,5.9626531659999955,553.0,10.0,True,100,0.5,1000000000,0,3,1000,1000000000.0,100,100,0.5
9,6.718864208000014,553.0,11.0,True,100,0.5,1000000000,0,3,1000,1000000000.0,100,100,0.5
10,7.501662083000042,569.0,13.0,True,100,0.5,1000000000,0,3,1000,1000000000.0,100,100,0.5
11,8.242136666000022,569.0,14.0,True,100,0.5,1000000000,0,3,1000,1000000000.0,100,100,0.5
12,9.002346250000016,569.0,15.0,True,100,0.5,1000000000,0,3,1000,1000000000.0,100,100,0.5
13,9.769834583000033,569.0,16.0,True,100,0.5,1000000000,0,3,1000,1000000000.0,100,100,0.5
14,10.562716749999993,590.0,18.0,True,100,0.5,1000000000,0,3,1000,1000000000.0,100,100,0.5
15,11.35823483300004,602.0,20.0,True,100,0.5,1000000000,0,3,1000,1000000000.0,100,100,0.5
16,12.130800749999992,602.0,21.0,True,100,0.5,1000000000,0,3,1000,1000000000.0,100,100,0.5
17,12.941293833000032,606.0,23.0,True,100,0.5,1000000000,0,3,1000,1000000000.0,100,100,0.5
18,13.715883708000035,612.0,25.0,True,100,0.5,1000000000,0,3,1000,1000000000.0,100,100,0.5
19,14.529570291000027,612.0,26.0,True,100,0.5,1000000000,0,3,1000,1000000000.0,100,100,0.5
20,15.249835250000046,630.0,28.0,True,100,0.5,1000000000,0,3,1000,1000000000.0,100,100,0.5
21,16.01001908300003,630.0,29.0,True,100,0.5,1000000000,0,3,1000,1000000000.0,100,100,0.5
22,16.750973541000008,642.0,31.0,True,100,0.5,1000000000,0,3,1000,1000000000.0,100,100,0.5
23,17.54204679100002,646.0,33.0,True,100,0.5,1000000000,0,3,1000,1000000000.0,100,100,0.5
24,18.37706350000002,652.0,35.0,True,100,0.5,1000000000,0,3,1000,1000000000.0,100,100,0.5
25,19.21663162499999,654.0,37.0,True,100,0.5,1000000000,0,3,1000,1000000000.0,100,100,0.5
26,19.971265166000023,664.0,39.0,True,100,0.5,1000000000,0,3,1000,1000000000.0,100,100,0.5
27,20.64013458300002,664.0,40.0,True,100,0.5,1000000000,0,3,1000,1000000000.0,100,100,0.5
28,21.349156291000043,676.0,42.0,True,100,0.5,1000000000,0,3,1000,1000000000.0,100,100,0.5
29,22.04738791599999,690.0,44.0,True,100,0.5,1000000000,0,3,1000,1000000000.0,100,100,0.5
30,22.78375304100001,690.0,45.0,True,100,0.5,1000000000,0,3,1000,1000000000.0,100,100,0.5
31,23.503036791,698.0,47.0,True,100,0.5,1000000000,0,3,1000,1000000000.0,100,100,0.5
32,24.206887832999996,700.0,49.0,True,100,0.5,1000000000,0,3,1000,1000000000.0,100,100,0.5
33,24.944449333000023,704.0,51.0,True,100,0.5,1000000000,0,3,1000,1000000000.0,100,100,0.5
34,25.707369208000046,706.0,53.0,True,100,0.5,1000000000,0,3,1000,1000000000.0,100,100,0.5
35,26.37998591600001,718.0,55.0,True,100,0.5,1000000000,0,3,1000,1000000000.0,100,100,0.5
36,27.03755266600001,720.0,57.0,True,100,0.5,1000000000,0,3,1000,1000000000.0,100,100,0.5
37,27.685740208000027,722.0,59.0,True,100,0.5,1000000000,0,3,1000,1000000000.0,100,100,0.5
38,28.391945333000024,726.0,61.0,True,100,0.5,1000000000,0,3,1000,1000000000.0,100,100,0.5
39,29.177085500000032,728.0,63.0,True,100,0.5,1000000000,0,3,1000,1000000000.0,100,100,0.5
40,29.916050125000027,732.0,65.0,True,100,0.5,1000000000,0,3,1000,1000000000.0,100,100,0.5
41,30.586455666000006,736.0,67.0,True,100,0.5,1000000000,0,3,1000,1000000000.0,100,100,0.5
42,31.477939375000005,736.0,68.0,True,100,0.5,1000000000,0,3,1000,1000000000.0,100,100,0.5
43,32.239271083000006,736.0,69.0,True,100,0.5,1000000000,0,3,1000,1000000000.0,100,100,0.5
44,33.00365262500003,736.0,70.0,True,100,0.5,1000000000,0,3,1000,1000000000.0,100,100,0.5
45,33.84913795800003,736.0,71.0,True,100,0.5,1000000000,0,3,1000,1000000000.0,100,100,0.5
46,34.71227541600001,736.0,72.0,True,100,0.5,1000000000,0,3,1000,1000000000.0,100,100,0.5
47,35.416557875000024,738.0,74.0,True,100,0.5,1000000000,0,3,1000,1000000000.0,100,100,0.5
48,36.393575333,738.0,75.0,True,100,0.5,1000000000,0,3,1000,1000000000.0,100,100,0.5
49,37.05623995799999,738.0,76.0,True,100,0.5,1000000000,0,3,1000,1000000000.0,100,100,0.5
50,38.14855375000002,738.0,77.0,True,100,0.5,1000000000,0,3,1000,1000000000.0,100,100,0.5
51,39.31511362500004,738.0,78.0,True,100,0.5,1000000000,0,3,1000,1000000000.0,100,100,0.5
52,40.50853037500002,738.0,79.0,True,100,0.5,1000000000,0,3,1000,1000000000.0,100,100,0.5
53,41.67537112500003,738.0,80.0,True,100,0.5,1000000000,0,3,1000,1000000000.0,100,100,0.5
54,42.301531458,738.0,81.0,True,100,0.5,1000000000,0,3,1000,1000000000.0,100,100,0.5
55,43.407479041000045,738.0,82.0,True,100,0.5,1000000000,0,3,1000,1000000000.0,100,100,0.5
56,44.60346079100003,738.0,83.0,True,100,0.5,1000000000,0,3,1000,1000000000.0,100,100,0.5
57,45.71234762500001,738.0,84.0,True,100,0.5,1000000000,0,3,1000,1000000000.0,100,100,0.5
58,46.81310512499999,738.0,85.0,True,100,0.5,1000000000,0,3,1000,1000000000.0,100,100,0.5
59,47.907251625000015,738.0,86.0,True,100,0.5,1000000000,0,3,1000,1000000000.0,100,100,0.5
60,49.034249708000004,738.0,87.0,True,100,0.5,1000000000,0,3,1000,1000000000.0,100,100,0.5
61,50.130798916,738.0,88.0,True,100,0.5,1000000000,0,3,1000,1000000000.0,100,100,0.5
62,51.253828250000026,738.0,89.0,True,100,0.5,1000000000,0,3,1000,1000000000.0,100,100,0.5
63,52.38581058300002,738.0,90.0,True,100,0.5,1000000000,0,3,1000,1000000000.0,100,100,0.5
64,53.57171095800004,738.0,91.0,True,100,0.5,1000000000,0,3,1000,1000000000.0,100,100,0.5
65,54.729292708,738.0,92.0,True,100,0.5,1000000000,0,3,1000,1000000000.0,100,100,0.5
66,55.90820820800002,738.0,93.0,True,100,0.5,1000000000,0,3,1000,1000000000.0,100,100,0.5
67,57.05144416600001,738.0,94.0,True,100,0.5,1000000000,0,3,1000,1000000000.0,100,100,0.5
68,58.16786129100001,738.0,95.0,True,100,0.5,1000000000,0,3,1000,1000000000.0,100,100,0.5
69,59.249964250000005,738.0,96.0,True,100,0.5,1000000000,0,3,1000,1000000000.0,100,100,0.5
70,60.364460250000036,738.0,97.0,True,100,0.5,1000000000,0,3,1000,1000000000.0,100,100,0.5
71,61.47191925000004,738.0,98.0,True,100,0.5,1000000000,0,3,1000,1000000000.0,100,100,0.5
72,62.56499745799999,738.0,99.0,True,100,0.5,1000000000,0,3,1000,1000000000.0,100,100,0.5
73,63.68149258300002,738.0,100.0,True,100,0.5,1000000000,0,3,1000,1000000000.0,100,100,0.5
74,64.841705708,738.0,101.0,True,100,0.5,1000000000,0,3,1000,1000000000.0,100,100,0.5
75,66.01028591600004,738.0,102.0,True,100,0.5,1000000000,0,3,1000,1000000000.0,100,100,0.5
76,67.191185916,738.0,103.0,True,100,0.5,1000000000,0,3,1000,1000000000.0,100,100,0.5
77,68.301078958,738.0,104.0,True,100,0.5,1000000000,0,3,1000,1000000000.0,100,100,0.5
78,69.498811375,738.0,105.0,True,100,0.5,1000000000,0,3,1000,1000000000.0,100,100,0.5
79,70.63313025000002,738.0,106.0,True,100,0.5,1000000000,0,3,1000,1000000000.0,100,100,0.5
80,71.75701537500004,738.0,107.0,True,100,0.5,1000000000,0,3,1000,1000000000.0,100,100,0.5
81,72.98973966599999,738.0,108.0,True,100,0.5,1000000000,0,3,1000,1000000000.0,100,100,0.5
82,74.21385400000003,738.0,109.0,True,100,0.5,1000000000,0,3,1000,1000000000.0,100,100,0.5
83,75.40401966600001,738.0,110.0,True,100,0.5,1000000000,0,3,1000,1000000000.0,100,100,0.5
84,76.60806808300003,738.0,111.0,True,100,0.5,1000000000,0,3,1000,1000000000.0,100,100,0.5
85,77.782583208,738.0,112.0,True,100,0.5,1000000000,0,3,1000,1000000000.0,100,100,0.5
86,78.897783791,738.0,113.0,True,100,0.5,1000000000,0,3,1000,1000000000.0,100,100,0.5
87,80.01029120800001,738.0,114.0,True,100,0.5,1000000000,0,3,1000,1000000000.0,100,100,0.5
88,81.14623987499999,738.0,115.0,True,100,0.5,1000000000,0,3,1000,1000000000.0,100,100,0.5
89,82.42560708300005,738.0,116.0,True,100,0.5,1000000000,0,3,1000,1000000000.0,100,100,0.5
90,83.56438316599997,738.0,117.0,True,100,0.5,1000000000,0,3,1000,1000000000.0,100,100,0.5
91,84.68019012499997,738.0,118.0,True,100,0.5,1000000000,0,3,1000,1000000000.0,100,100,0.5
92,85.83055170800003,738.0,119.0,True,100,0.5,1000000000,0,3,1000,1000000000.0,100,100,0.5
93,87.00821220800003,738.0,120.0,True,100,0.5,1000000000,0,3,1000,1000000000.0,100,100,0.5
94,88.13298304099999,738.0,121.0,True,100,0.5,1000000000,0,3,1000,1000000000.0,100,100,0.5
95,89.26091733300007,738.0,122.0,True,100,0.5,1000000000,0,3,1000,1000000000.0,100,100,0.5
96,90.45838524999999,738.0,123.0,True,100,0.5,1000000000,0,3,1000,1000000000.0,100,100,0.5
97,91.67058895800005,738.0,124.0,True,100,0.5,1000000000,0,3,1000,1000000000.0,100,100,0.5
98,92.81139404099997,738.0,125.0,True,100,0.5,1000000000,0,3,1000,1000000000.0,100,100,0.5
99,93.94969166600004,738.0,126.0,True,100,0.5,1000000000,0,3,1000,1000000000.0,100,100,0.5
100,95.14982820800003,738.0,127.0,True,100,0.5,1000000000,0,3,1000,1000000000.0,100,100,0.5
101,96.29799845800005,738.0,128.0,True,100,0.5,1000000000,0,3,1000,1000000000.0,100,100,0.5
102,97.44448154100007,738.0,129.0,True,100,0.5,1000000000,0,3,1000,1000000000.0,100,100,0.5
103,98.57450558300002,738.0,130.0,True,100,0.5,1000000000,0,3,1000,1000000000.0,100,100,0.5
104,99.716261541,738.0,131.0,True,100,0.5,1000000000,0,3,1000,1000000000.0,100,100,0.5
105,100.83688233300006,738.0,132.0,True,100,0.5,1000000000,0,3,1000,1000000000.0,100,100,0.5
106,101.97448170799998,738.0,133.0,True,100,0.5,1000000000,0,3,1000,1000000000.0,100,100,0.5
107,103.11549116599997,738.0,134.0,True,100,0.5,1000000000,0,3,1000,1000000000.0,100,100,0.5
108,104.24330829100006,738.0,135.0,True,100,0.5,1000000000,0,3,1000,1000000000.0,100,100,0.5
109,105.377367875,738.0,136.0,True,100,0.5,1000000000,0,3,1000,1000000000.0,100,100,0.5
110,106.51902804100007,740.0,138.0,True,100,0.5,1000000000,0,3,1000,1000000000.0,100,100,0.5
111,107.58990633300004,740.0,139.0,True,100,0.5,1000000000,0,3,1000,1000000000.0,100,100,0.5
112,108.76458820799996,740.0,140.0,True,100,0.5,1000000000,0,3,1000,1000000000.0,100,100,0.5
113,109.944723791,740.0,141.0,True,100,0.5,1000000000,0,3,1000,1000000000.0,100,100,0.5
114,111.073124,740.0,142.0,True,100,0.5,1000000000,0,3,1000,1000000000.0,100,100,0.5
115,112.21458708299997,740.0,143.0,True,100,0.5,1000000000,0,3,1000,1000000000.0,100,100,0.5
116,113.34624383300002,740.0,144.0,True,100,0.5,1000000000,0,3,1000,1000000000.0,100,100,0.5
117,114.47970279100002,740.0,145.0,True,100,0.5,1000000000,0,3,1000,1000000000.0,100,100,0.5
118,115.62140770799999,740.0,146.0,True,100,0.5,1000000000,0,3,1000,1000000000.0,100,100,0.5
119,116.84506362499997,740.0,147.0,True,100,0.5,1000000000,0,3,1000,1000000000.0,100,100,0.5
120,118.02756745800002,740.0,148.0,True,100,0.5,1000000000,0,3,1000,1000000000.0,100,100,0.5
121,119.22603058300001,740.0,149.0,True,100,0.5,1000000000,0,3,1000,1000000000.0,100,100,0.5
122,120.3577765,740.0,150.0,True,100,0.5,1000000000,0,3,1000,1000000000.0,100,100,0.5
123,121.48974829100007,740.0,151.0,True,100,0.5,1000000000,0,3,1000,1000000000.0,100,100,0.5
124,122.63244750000001,740.0,152.0,True,100,0.5,1000000000,0,3,1000,1000000000.0,100,100,0.5
125,123.80460245799998,740.0,153.0,True,100,0.5,1000000000,0,3,1000,1000000000.0,100,100,0.5
126,124.98284624999997,740.0,154.0,True,100,0.5,1000000000,0,3,1000,1000000000.0,100,100,0.5
127,126.15156670800002,740.0,155.0,True,100,0.5,1000000000,0,3,1000,1000000000.0,100,100,0.5
128,127.33864366600005,740.0,156.0,True,100,0.5,1000000000,0,3,1000,1000000000.0,100,100,0.5
129,128.463274125,740.0,157.0,True,100,0.5,1000000000,0,3,1000,1000000000.0,100,100,0.5
130,129.55580550000002,740.0,158.0,True,100,0.5,1000000000,0,3,1000,1000000000.0,100,100,0.5
131,130.68559466600004,740.0,159.0,True,100,0.5,1000000000,0,3,1000,1000000000.0,100,100,0.5
132,131.830197666,740.0,160.0,True,100,0.5,1000000000,0,3,1000,1000000000.0,100,100,0.5
133,133.06677420799997,740.0,161.0,True,100,0.5,1000000000,0,3,1000,1000000000.0,100,100,0.5
134,134.25068108300002,740.0,162.0,True,100,0.5,1000000000,0,3,1000,1000000000.0,100,100,0.5
135,135.42951775000006,740.0,163.0,True,100,0.5,1000000000,0,3,1000,1000000000.0,100,100,0.5
136,136.52098587500006,740.0,164.0,True,100,0.5,1000000000,0,3,1000,1000000000.0,100,100,0.5
137,137.606541666,740.0,165.0,True,100,0.5,1000000000,0,3,1000,1000000000.0,100,100,0.5
138,138.71340358300006,740.0,166.0,True,100,0.5,1000000000,0,3,1000,1000000000.0,100,100,0.5
139,139.79051737500004,740.0,167.0,True,100,0.5,1000000000,0,3,1000,1000000000.0,100,100,0.5
140,140.889495,740.0,168.0,True,100,0.5,1000000000,0,3,1000,1000000000.0,100,100,0.5
141,142.02503220799997,740.0,169.0,True,100,0.5,1000000000,0,3,1000,1000000000.0,100,100,0.5
142,143.23751429100002,740.0,170.0,True,100,0.5,1000000000,0,3,1000,1000000000.0,100,100,0.5
143,144.34064308300003,740.0,171.0,True,100,0.5,1000000000,0,3,1000,1000000000.0,100,100,0.5
144,145.52038308300007,740.0,172.0,True,100,0.5,1000000000,0,3,1000,1000000000.0,100,100,0.5
145,146.690475375,740.0,173.0,True,100,0.5,1000000000,0,3,1000,1000000000.0,100,100,0.5
146,147.867815125,740.0,174.0,True,100,0.5,1000000000,0,3,1000,1000000000.0,100,100,0.5
147,148.9840375,740.0,175.0,True,100,0.5,1000000000,0,3,1000,1000000000.0,100,100,0.5
148,150.116415125,740.0,176.0,True,100,0.5,1000000000,0,3,1000,1000000000.0,100,100,0.5
149,151.22908808299997,740.0,177.0,True,100,0.5,1000000000,0,3,1000,1000000000.0,100,100,0.5
150,152.36314945800007,740.0,178.0,True,100,0.5,1000000000,0,3,1000,1000000000.0,100,100,0.5
151,153.48829829099998,740.0,179.0,True,100,0.5,1000000000,0,3,1000,1000000000.0,100,100,0.5
152,154.560495125,740.0,180.0,True,100,0.5,1000000000,0,3,1000,1000000000.0,100,100,0.5
153,155.67974049999998,740.0,181.0,True,100,0.5,1000000000,0,3,1000,1000000000.0,100,100,0.5
154,156.810472,740.0,182.0,True,100,0.5,1000000000,0,3,1000,1000000000.0,100,100,0.5
155,157.98943995800005,740.0,183.0,True,100,0.5,1000000000,0,3,1000,1000000000.0,100,100,0.5
156,159.142976375,740.0,184.0,True,100,0.5,1000000000,0,3,1000,1000000000.0,100,100,0.5
157,160.27720945800002,740.0,185.0,True,100,0.5,1000000000,0,3,1000,1000000000.0,100,100,0.5
158,161.39200137500006,740.0,186.0,True,100,0.5,1000000000,0,3,1000,1000000000.0,100,100,0.5
159,162.50652316599997,740.0,187.0,True,100,0.5,1000000000,0,3,1000,1000000000.0,100,100,0.5
160,163.599224208,740.0,188.0,True,100,0.5,1000000000,0,3,1000,1000000000.0,100,100,0.5
161,164.742725125,740.0,189.0,True,100,0.5,1000000000,0,3,1000,1000000000.0,100,100,0.5
162,165.86013275000005,740.0,190.0,True,100,0.5,1000000000,0,3,1000,1000000000.0,100,100,0.5
163,166.97153812500005,740.0,191.0,True,100,0.5,1000000000,0,3,1000,1000000000.0,100,100,0.5
164,168.05309899999997,740.0,192.0,True,100,0.5,1000000000,0,3,1000,1000000000.0,100,100,0.5
165,169.14978137499998,740.0,193.0,True,100,0.5,1000000000,0,3,1000,1000000000.0,100,100,0.5
166,170.22713354100006,740.0,194.0,True,100,0.5,1000000000,0,3,1000,1000000000.0,100,100,0.5
167,171.30997424999998,740.0,195.0,True,100,0.5,1000000000,0,3,1000,1000000000.0,100,100,0.5
168,172.40334320800002,740.0,196.0,True,100,0.5,1000000000,0,3,1000,1000000000.0,100,100,0.5
169,173.501027958,740.0,197.0,True,100,0.5,1000000000,0,3,1000,1000000000.0,100,100,0.5
170,174.603887375,740.0,198.0,True,100,0.5,1000000000,0,3,1000,1000000000.0,100,100,0.5
171,175.69974579100005,740.0,199.0,True,100,0.5,1000000000,0,3,1000,1000000000.0,100,100,0.5
172,176.78966120799998,740.0,200.0,True,100,0.5,1000000000,0,3,1000,1000000000.0,100,100,0.5
173,177.87881645800007,740.0,201.0,True,100,0.5,1000000000,0,3,1000,1000000000.0,100,100,0.5
174,178.96944629100005,740.0,202.0,True,100,0.5,1000000000,0,3,1000,1000000000.0,100,100,0.5
175,180.084264458,740.0,203.0,True,100,0.5,1000000000,0,3,1000,1000000000.0,100,100,0.5
176,181.21072587499998,740.0,204.0,True,100,0.5,1000000000,0,3,1000,1000000000.0,100,100,0.5
177,182.30774995800004,740.0,205.0,True,100,0.5,1000000000,0,3,1000,1000000000.0,100,100,0.5
178,183.38669733300003,740.0,206.0,True,100,0.5,1000000000,0,3,1000,1000000000.0,100,100,0.5
179,184.50034729100003,740.0,207.0,True,100,0.5,1000000000,0,3,1000,1000000000.0,100,100,0.5
180,185.657188625,740.0,208.0,True,100,0.5,1000000000,0,3,1000,1000000000.0,100,100,0.5
181,186.83307724999997,740.0,209.0,True,100,0.5,1000000000,0,3,1000,1000000000.0,100,100,0.5
182,187.94616187500003,740.0,210.0,True,100,0.5,1000000000,0,3,1000,1000000000.0,100,100,0.5
183,189.07217916600007,740.0,211.0,True,100,0.5,1000000000,0,3,1000,1000000000.0,100,100,0.5
184,190.21164633299998,740.0,212.0,True,100,0.5,1000000000,0,3,1000,1000000000.0,100,100,0.5
185,191.33225449999998,740.0,213.0,True,100,0.5,1000000000,0,3,1000,1000000000.0,100,100,0.5
186,192.42812720799998,740.0,214.0,True,100,0.5,1000000000,0,3,1000,1000000000.0,100,100,0.5
187,193.51655270800006,740.0,215.0,True,100,0.5,1000000000,0,3,1000,1000000000.0,100,100,0.5
188,194.64683208300005,740.0,216.0,True,100,0.5,1000000000,0,3,1000,1000000000.0,100,100,0.5
189,195.78634325000007,740.0,217.0,True,100,0.5,1000000000,0,3,1000,1000000000.0,100,100,0.5
190,196.91446025000005,740.0,218.0,True,100,0.5,1000000000,0,3,1000,1000000000.0,100,100,0.5
191,198.03253900000004,740.0,219.0,True,100,0.5,1000000000,0,3,1000,1000000000.0,100,100,0.5
192,199.17470225,740.0,220.0,True,100,0.5,1000000000,0,3,1000,1000000000.0,100,100,0.5
193,200.28818708300003,740.0,221.0,True,100,0.5,1000000000,0,3,1000,1000000000.0,100,100,0.5
194,201.44196975,740.0,222.0,True,100,0.5,1000000000,0,3,1000,1000000000.0,100,100,0.5
195,202.62502933300004,740.0,223.0,True,100,0.5,1000000000,0,3,1000,1000000000.0,100,100,0.5
196,203.71914512500007,740.0,224.0,True,100,0.5,1000000000,0,3,1000,1000000000.0,100,100,0.5
197,204.82941979099996,740.0,225.0,True,100,0.5,1000000000,0,3,1000,1000000000.0,100,100,0.5
198,205.91635862500004,740.0,226.0,True,100,0.5,1000000000,0,3,1000,1000000000.0,100,100,0.5
199,207.03853400000003,740.0,227.0,True,100,0.5,1000000000,0,3,1000,1000000000.0,100,100,0.5
200,208.15837645800002,740.0,228.0,True,100,0.5,1000000000,0,3,1000,1000000000.0,100,100,0.5
201,209.30079708300002,740.0,229.0,True,100,0.5,1000000000,0,3,1000,1000000000.0,100,100,0.5
202,210.427415375,740.0,230.0,True,100,0.5,1000000000,0,3,1000,1000000000.0,100,100,0.5
203,211.55108912499998,740.0,231.0,True,100,0.5,1000000000,0,3,1000,1000000000.0,100,100,0.5
204,212.67278929100007,740.0,232.0,True,100,0.5,1000000000,0,3,1000,1000000000.0,100,100,0.5
205,213.833743958,740.0,233.0,True,100,0.5,1000000000,0,3,1000,1000000000.0,100,100,0.5
206,215.01248854100004,740.0,234.0,True,100,0.5,1000000000,0,3,1000,1000000000.0,100,100,0.5
207,216.18309795799996,740.0,235.0,True,100,0.5,1000000000,0,3,1000,1000000000.0,100,100,0.5
208,217.29269087500006,740.0,236.0,True,100,0.5,1000000000,0,3,1000,1000000000.0,100,100,0.5
209,218.41009125000005,740.0,237.0,True,100,0.5,1000000000,0,3,1000,1000000000.0,100,100,0.5
210,219.549756,740.0,238.0,True,100,0.5,1000000000,0,3,1000,1000000000.0,100,100,0.5
0,0.0018221670000002632,502.0,0.0,True,100,0.5,1000000000,0,4,1000,1000000000.0,100,100,0.5
1,0.7416504999999916,539.0,2.0,True,100,0.5,1000000000,0,4,1000,1000000000.0,100,100,0.5
2,1.502355542000032,539.0,3.0,True,100,0.5,1000000000,0,4,1000,1000000000.0,100,100,0.5
3,2.2470072080000136,539.0,4.0,True,100,0.5,1000000000,0,4,1000,1000000000.0,100,100,0.5
4,3.0364317920000303,546.0,6.0,True,100,0.5,1000000000,0,4,1000,1000000000.0,100,100,0.5
5,3.80324895800004,546.0,7.0,True,100,0.5,1000000000,0,4,1000,1000000000.0,100,100,0.5
6,4.575518542000054,550.0,9.0,True,100,0.5,1000000000,0,4,1000,1000000000.0,100,100,0.5
7,5.390103958000054,550.0,10.0,True,100,0.5,1000000000,0,4,1000,1000000000.0,100,100,0.5
8,6.20868233300007,561.0,12.0,True,100,0.5,1000000000,0,4,1000,1000000000.0,100,100,0.5
9,7.006023708000043,561.0,13.0,True,100,0.5,1000000000,0,4,1000,1000000000.0,100,100,0.5
10,7.822759000000019,566.0,15.0,True,100,0.5,1000000000,0,4,1000,1000000000.0,100,100,0.5
11,8.624509624999973,574.0,17.0,True,100,0.5,1000000000,0,4,1000,1000000000.0,100,100,0.5
12,9.429775208000024,580.0,19.0,True,100,0.5,1000000000,0,4,1000,1000000000.0,100,100,0.5
13,10.220782083000017,580.0,20.0,True,100,0.5,1000000000,0,4,1000,1000000000.0,100,100,0.5
14,10.969224292000035,580.0,21.0,True,100,0.5,1000000000,0,4,1000,1000000000.0,100,100,0.5
15,11.774378333000072,582.0,23.0,True,100,0.5,1000000000,0,4,1000,1000000000.0,100,100,0.5
16,12.517892250000045,587.0,25.0,True,100,0.5,1000000000,0,4,1000,1000000000.0,100,100,0.5
17,13.267711667000071,590.0,27.0,True,100,0.5,1000000000,0,4,1000,1000000000.0,100,100,0.5
18,14.016424792000066,593.0,29.0,True,100,0.5,1000000000,0,4,1000,1000000000.0,100,100,0.5
19,14.774235707999992,599.0,31.0,True,100,0.5,1000000000,0,4,1000,1000000000.0,100,100,0.5
20,15.483083792000002,605.0,33.0,True,100,0.5,1000000000,0,4,1000,1000000000.0,100,100,0.5
21,16.189225917000044,609.0,35.0,True,100,0.5,1000000000,0,4,1000,1000000000.0,100,100,0.5
22,17.08405158300002,613.0,37.0,True,100,0.5,1000000000,0,4,1000,1000000000.0,100,100,0.5
23,17.899354625,617.0,39.0,True,100,0.5,1000000000,0,4,1000,1000000000.0,100,100,0.5
24,18.666321208,627.0,41.0,True,100,0.5,1000000000,0,4,1000,1000000000.0,100,100,0.5
25,19.39090529200007,631.0,43.0,True,100,0.5,1000000000,0,4,1000,1000000000.0,100,100,0.5
26,20.208691208000005,643.0,45.0,True,100,0.5,1000000000,0,4,1000,1000000000.0,100,100,0.5
27,20.943595625000057,643.0,46.0,True,100,0.5,1000000000,0,4,1000,1000000000.0,100,100,0.5
28,21.69618175000005,645.0,48.0,True,100,0.5,1000000000,0,4,1000,1000000000.0,100,100,0.5
29,22.40080337500001,653.0,50.0,True,100,0.5,1000000000,0,4,1000,1000000000.0,100,100,0.5
30,23.154413957999964,657.0,52.0,True,100,0.5,1000000000,0,4,1000,1000000000.0,100,100,0.5
31,23.880713582999988,661.0,54.0,True,100,0.5,1000000000,0,4,1000,1000000000.0,100,100,0.5
32,24.576438667000048,667.0,56.0,True,100,0.5,1000000000,0,4,1000,1000000000.0,100,100,0.5
33,25.27945041700002,669.0,58.0,True,100,0.5,1000000000,0,4,1000,1000000000.0,100,100,0.5
34,25.96111191700004,673.0,60.0,True,100,0.5,1000000000,0,4,1000,1000000000.0,100,100,0.5
35,26.738272250000023,673.0,61.0,True,100,0.5,1000000000,0,4,1000,1000000000.0,100,100,0.5
36,27.402176042000065,675.0,63.0,True,100,0.5,1000000000,0,4,1000,1000000000.0,100,100,0.5
37,28.16931554200005,675.0,64.0,True,100,0.5,1000000000,0,4,1000,1000000000.0,100,100,0.5
38,28.847159124999962,679.0,66.0,True,100,0.5,1000000000,0,4,1000,1000000000.0,100,100,0.5
39,29.600418208000065,681.0,68.0,True,100,0.5,1000000000,0,4,1000,1000000000.0,100,100,0.5
40,30.318632624999964,681.0,69.0,True,100,0.5,1000000000,0,4,1000,1000000000.0,100,100,0.5
41,30.985136042000022,685.0,71.0,True,100,0.5,1000000000,0,4,1000,1000000000.0,100,100,0.5
42,31.712327749999986,687.0,73.0,True,100,0.5,1000000000,0,4,1000,1000000000.0,100,100,0.5
43,32.72030670800007,687.0,74.0,True,100,0.5,1000000000,0,4,1000,1000000000.0,100,100,0.5
44,33.50742575000004,687.0,75.0,True,100,0.5,1000000000,0,4,1000,1000000000.0,100,100,0.5
45,34.39996266700007,687.0,76.0,True,100,0.5,1000000000,0,4,1000,1000000000.0,100,100,0.5
46,35.19639137499996,687.0,77.0,True,100,0.5,1000000000,0,4,1000,1000000000.0,100,100,0.5
47,35.84945595800002,687.0,78.0,True,100,0.5,1000000000,0,4,1000,1000000000.0,100,100,0.5
48,36.90010737500006,687.0,79.0,True,100,0.5,1000000000,0,4,1000,1000000000.0,100,100,0.5
49,37.504842833,687.0,80.0,True,100,0.5,1000000000,0,4,1000,1000000000.0,100,100,0.5
50,38.57824587499999,687.0,81.0,True,100,0.5,1000000000,0,4,1000,1000000000.0,100,100,0.5
51,39.776093167,687.0,82.0,True,100,0.5,1000000000,0,4,1000,1000000000.0,100,100,0.5
52,40.90278558299997,687.0,83.0,True,100,0.5,1000000000,0,4,1000,1000000000.0,100,100,0.5
53,42.091132000000016,687.0,84.0,True,100,0.5,1000000000,0,4,1000,1000000000.0,100,100,0.5
54,43.321204917000045,687.0,85.0,True,100,0.5,1000000000,0,4,1000,1000000000.0,100,100,0.5
55,44.493079833000024,687.0,86.0,True,100,0.5,1000000000,0,4,1000,1000000000.0,100,100,0.5
56,45.634187833000055,687.0,87.0,True,100,0.5,1000000000,0,4,1000,1000000000.0,100,100,0.5
57,46.78861412499998,687.0,88.0,True,100,0.5,1000000000,0,4,1000,1000000000.0,100,100,0.5
58,47.92627249999998,687.0,89.0,True,100,0.5,1000000000,0,4,1000,1000000000.0,100,100,0.5
59,49.074792333000005,687.0,90.0,True,100,0.5,1000000000,0,4,1000,1000000000.0,100,100,0.5
60,50.232372042000065,687.0,91.0,True,100,0.5,1000000000,0,4,1000,1000000000.0,100,100,0.5
61,51.37001033299998,687.0,92.0,True,100,0.5,1000000000,0,4,1000,1000000000.0,100,100,0.5
62,52.54786683300006,687.0,93.0,True,100,0.5,1000000000,0,4,1000,1000000000.0,100,100,0.5
63,53.69068175000007,687.0,94.0,True,100,0.5,1000000000,0,4,1000,1000000000.0,100,100,0.5
64,54.844569999999976,687.0,95.0,True,100,0.5,1000000000,0,4,1000,1000000000.0,100,100,0.5
65,55.95586233300003,687.0,96.0,True,100,0.5,1000000000,0,4,1000,1000000000.0,100,100,0.5
66,57.07517587500001,687.0,97.0,True,100,0.5,1000000000,0,4,1000,1000000000.0,100,100,0.5
67,58.273278249999976,687.0,98.0,True,100,0.5,1000000000,0,4,1000,1000000000.0,100,100,0.5
68,59.474105542000075,687.0,99.0,True,100,0.5,1000000000,0,4,1000,1000000000.0,100,100,0.5
69,60.62765724999997,687.0,100.0,True,100,0.5,1000000000,0,4,1000,1000000000.0,100,100,0.5
70,61.80159866700001,687.0,101.0,True,100,0.5,1000000000,0,4,1000,1000000000.0,100,100,0.5
71,63.00244595800007,687.0,102.0,True,100,0.5,1000000000,0,4,1000,1000000000.0,100,100,0.5
72,64.122724167,687.0,103.0,True,100,0.5,1000000000,0,4,1000,1000000000.0,100,100,0.5
73,65.32557283300002,687.0,104.0,True,100,0.5,1000000000,0,4,1000,1000000000.0,100,100,0.5
74,66.48492645800002,687.0,105.0,True,100,0.5,1000000000,0,4,1000,1000000000.0,100,100,0.5
75,67.615457333,687.0,106.0,True,100,0.5,1000000000,0,4,1000,1000000000.0,100,100,0.5
76,68.74969991700004,687.0,107.0,True,100,0.5,1000000000,0,4,1000,1000000000.0,100,100,0.5
77,69.90507087499998,687.0,108.0,True,100,0.5,1000000000,0,4,1000,1000000000.0,100,100,0.5
78,71.06709320800007,687.0,109.0,True,100,0.5,1000000000,0,4,1000,1000000000.0,100,100,0.5
79,72.23505662499997,687.0,110.0,True,100,0.5,1000000000,0,4,1000,1000000000.0,100,100,0.5
80,73.39455637499998,687.0,111.0,True,100,0.5,1000000000,0,4,1000,1000000000.0,100,100,0.5
81,74.545044125,687.0,112.0,True,100,0.5,1000000000,0,4,1000,1000000000.0,100,100,0.5
82,75.643076458,687.0,113.0,True,100,0.5,1000000000,0,4,1000,1000000000.0,100,100,0.5
83,76.77897579199998,687.0,114.0,True,100,0.5,1000000000,0,4,1000,1000000000.0,100,100,0.5
84,77.91227691699999,687.0,115.0,True,100,0.5,1000000000,0,4,1000,1000000000.0,100,100,0.5
85,79.04382737499998,687.0,116.0,True,100,0.5,1000000000,0,4,1000,1000000000.0,100,100,0.5
86,80.17296179200002,687.0,117.0,True,100,0.5,1000000000,0,4,1000,1000000000.0,100,100,0.5
87,81.40088116699997,687.0,118.0,True,100,0.5,1000000000,0,4,1000,1000000000.0,100,100,0.5
88,82.54545949999999,687.0,119.0,True,100,0.5,1000000000,0,4,1000,1000000000.0,100,100,0.5
89,83.672574167,687.0,120.0,True,100,0.5,1000000000,0,4,1000,1000000000.0,100,100,0.5
90,84.80960145799997,687.0,121.0,True,100,0.5,1000000000,0,4,1000,1000000000.0,100,100,0.5
91,85.93783887500001,687.0,122.0,True,100,0.5,1000000000,0,4,1000,1000000000.0,100,100,0.5
92,87.07323741699997,687.0,123.0,True,100,0.5,1000000000,0,4,1000,1000000000.0,100,100,0.5
93,88.226332458,687.0,124.0,True,100,0.5,1000000000,0,4,1000,1000000000.0,100,100,0.5
94,89.41496395800004,687.0,125.0,True,100,0.5,1000000000,0,4,1000,1000000000.0,100,100,0.5
95,90.64450466699998,687.0,126.0,True,100,0.5,1000000000,0,4,1000,1000000000.0,100,100,0.5
96,91.79533833300002,687.0,127.0,True,100,0.5,1000000000,0,4,1000,1000000000.0,100,100,0.5
97,92.92338604200006,687.0,128.0,True,100,0.5,1000000000,0,4,1000,1000000000.0,100,100,0.5
98,94.04670099999998,687.0,129.0,True,100,0.5,1000000000,0,4,1000,1000000000.0,100,100,0.5
99,95.25167687500004,687.0,130.0,True,100,0.5,1000000000,0,4,1000,1000000000.0,100,100,0.5
100,96.37341945800006,687.0,131.0,True,100,0.5,1000000000,0,4,1000,1000000000.0,100,100,0.5
101,97.52295491699999,687.0,132.0,True,100,0.5,1000000000,0,4,1000,1000000000.0,100,100,0.5
102,98.647289667,687.0,133.0,True,100,0.5,1000000000,0,4,1000,1000000000.0,100,100,0.5
103,99.772638583,687.0,134.0,True,100,0.5,1000000000,0,4,1000,1000000000.0,100,100,0.5
104,100.87906220800005,687.0,135.0,True,100,0.5,1000000000,0,4,1000,1000000000.0,100,100,0.5
105,101.97076170800005,687.0,136.0,True,100,0.5,1000000000,0,4,1000,1000000000.0,100,100,0.5
106,103.064106875,687.0,137.0,True,100,0.5,1000000000,0,4,1000,1000000000.0,100,100,0.5
107,104.18843162500002,687.0,138.0,True,100,0.5,1000000000,0,4,1000,1000000000.0,100,100,0.5
108,105.31003166699998,687.0,139.0,True,100,0.5,1000000000,0,4,1000,1000000000.0,100,100,0.5
109,106.404541333,687.0,140.0,True,100,0.5,1000000000,0,4,1000,1000000000.0,100,100,0.5
110,107.629214542,687.0,141.0,True,100,0.5,1000000000,0,4,1000,1000000000.0,100,100,0.5
111,108.77889349999998,687.0,142.0,True,100,0.5,1000000000,0,4,1000,1000000000.0,100,100,0.5
112,109.90354079200006,687.0,143.0,True,100,0.5,1000000000,0,4,1000,1000000000.0,100,100,0.5
113,111.058146083,687.0,144.0,True,100,0.5,1000000000,0,4,1000,1000000000.0,100,100,0.5
114,112.18225170799997,687.0,145.0,True,100,0.5,1000000000,0,4,1000,1000000000.0,100,100,0.5
115,113.31513137499996,687.0,146.0,True,100,0.5,1000000000,0,4,1000,1000000000.0,100,100,0.5
116,114.41524529200001,687.0,147.0,True,100,0.5,1000000000,0,4,1000,1000000000.0,100,100,0.5
117,115.52580666699998,687.0,148.0,True,100,0.5,1000000000,0,4,1000,1000000000.0,100,100,0.5
118,116.64379250000002,687.0,149.0,True,100,0.5,1000000000,0,4,1000,1000000000.0,100,100,0.5
119,117.78219412500005,687.0,150.0,True,100,0.5,1000000000,0,4,1000,1000000000.0,100,100,0.5
120,118.95081654199998,687.0,151.0,True,100,0.5,1000000000,0,4,1000,1000000000.0,100,100,0.5
121,120.08549654199999,687.0,152.0,True,100,0.5,1000000000,0,4,1000,1000000000.0,100,100,0.5
122,121.22007395800006,687.0,153.0,True,100,0.5,1000000000,0,4,1000,1000000000.0,100,100,0.5
123,122.42205087499997,687.0,154.0,True,100,0.5,1000000000,0,4,1000,1000000000.0,100,100,0.5
124,123.59790604199998,687.0,155.0,True,100,0.5,1000000000,0,4,1000,1000000000.0,100,100,0.5
125,124.74334891700005,687.0,156.0,True,100,0.5,1000000000,0,4,1000,1000000000.0,100,100,0.5
126,125.91445820800004,687.0,157.0,True,100,0.5,1000000000,0,4,1000,1000000000.0,100,100,0.5
127,127.05439016700007,687.0,158.0,True,100,0.5,1000000000,0,4,1000,1000000000.0,100,100,0.5
128,128.22674970800006,687.0,159.0,True,100,0.5,1000000000,0,4,1000,1000000000.0,100,100,0.5
129,129.41526266699998,687.0,160.0,True,100,0.5,1000000000,0,4,1000,1000000000.0,100,100,0.5
130,130.57515141700003,687.0,161.0,True,100,0.5,1000000000,0,4,1000,1000000000.0,100,100,0.5
131,131.73307745800003,687.0,162.0,True,100,0.5,1000000000,0,4,1000,1000000000.0,100,100,0.5
132,132.8644805,687.0,163.0,True,100,0.5,1000000000,0,4,1000,1000000000.0,100,100,0.5
133,133.99215879200005,687.0,164.0,True,100,0.5,1000000000,0,4,1000,1000000000.0,100,100,0.5
134,135.14300041700005,687.0,165.0,True,100,0.5,1000000000,0,4,1000,1000000000.0,100,100,0.5
135,136.25134254199997,687.0,166.0,True,100,0.5,1000000000,0,4,1000,1000000000.0,100,100,0.5
136,137.40183233300002,687.0,167.0,True,100,0.5,1000000000,0,4,1000,1000000000.0,100,100,0.5
137,138.548289167,687.0,168.0,True,100,0.5,1000000000,0,4,1000,1000000000.0,100,100,0.5
138,139.67251020800006,687.0,169.0,True,100,0.5,1000000000,0,4,1000,1000000000.0,100,100,0.5
139,140.86014462499998,687.0,170.0,True,100,0.5,1000000000,0,4,1000,1000000000.0,100,100,0.5
140,141.996052083,687.0,171.0,True,100,0.5,1000000000,0,4,1000,1000000000.0,100,100,0.5
141,143.205271583,687.0,172.0,True,100,0.5,1000000000,0,4,1000,1000000000.0,100,100,0.5
142,144.35910212500005,687.0,173.0,True,100,0.5,1000000000,0,4,1000,1000000000.0,100,100,0.5
