Iteration,Time,Fitness,FEvals,Restarts,max_iters,current_restart,group_number,run_number,problem_size,max_iterations,max_attempts,max_restarts
0,0.04253641699999999,1057.0,0.0,0,10,0,0,0,1000,10,100,0
1,0.07011079200000037,1057.0,1.0,0,10,0,0,0,1000,10,100,0
2,0.11533787500000026,1054.0,3.0,0,10,0,0,0,1000,10,100,0
3,0.15229954200000018,1051.0,5.0,0,10,0,0,0,1000,10,100,0
4,0.17012812500000019,1051.0,6.0,0,10,0,0,0,1000,10,100,0
5,0.20462237500000002,1050.0,8.0,0,10,0,0,0,1000,10,100,0
6,0.23252812499999997,1050.0,9.0,0,10,0,0,0,1000,10,100,0
7,0.2510315000000003,1050.0,10.0,0,10,0,0,0,1000,10,100,0
8,0.2864400420000002,1048.0,12.0,0,10,0,0,0,1000,10,100,0
9,0.3039589170000001,1048.0,13.0,0,10,0,0,0,1000,10,100,0
10,0.3215774170000003,1048.0,14.0,0,10,0,0,0,1000,10,100,0
0,0.034716583000000245,1057.0,0.0,0,10,0,0,1,1000,10,100,0
1,0.05589254099999996,1057.0,1.0,0,10,0,0,1,1000,10,100,0
2,0.09500129099999999,1054.0,3.0,0,10,0,0,1,1000,10,100,0
3,0.13181345799999988,1051.0,5.0,0,10,0,0,1,1000,10,100,0
4,0.15009245800000004,1051.0,6.0,0,10,0,0,1,1000,10,100,0
5,0.18647975000000017,1050.0,8.0,0,10,0,0,1,1000,10,100,0
6,0.21123379100000017,1050.0,9.0,0,10,0,0,1,1000,10,100,0
7,0.23236195800000026,1050.0,10.0,0,10,0,0,1,1000,10,100,0
8,0.28071995800000016,1048.0,12.0,0,10,0,0,1,1000,10,100,0
9,0.30659408300000024,1048.0,13.0,0,10,0,0,1,1000,10,100,0
10,0.32628204100000024,1048.0,14.0,0,10,0,0,1,1000,10,100,0
0,0.056725666000000174,1057.0,0.0,0,10,0,0,2,1000,10,100,0
1,0.08364649999999996,1057.0,1.0,0,10,0,0,2,1000,10,100,0
2,0.13776195800000002,1054.0,3.0,0,10,0,0,2,1000,10,100,0
3,0.17451754100000016,1051.0,5.0,0,10,0,0,2,1000,10,100,0
4,0.1918277500000003,1051.0,6.0,0,10,0,0,2,1000,10,100,0
5,0.22895395799999996,1050.0,8.0,0,10,0,0,2,1000,10,100,0
6,0.24568683300000016,1050.0,9.0,0,10,0,0,2,1000,10,100,0
7,0.2629737910000003,1050.0,10.0,0,10,0,0,2,1000,10,100,0
8,0.2981340000000001,1048.0,12.0,0,10,0,0,2,1000,10,100,0
9,0.3155618750000002,1048.0,13.0,0,10,0,0,2,1000,10,100,0
10,0.3338152080000003,1048.0,14.0,0,10,0,0,2,1000,10,100,0
0,0.03534679200000035,1057.0,0.0,25,1,0,1,3,1000,10,100,25
1,0.05653441699999995,1057.0,1.0,25,1,0,1,3,1000,10,100,25
1,0.05653441699999995,1018.0,3.0,25,1,1,1,3,1000,10,100,25
1,0.05653441699999995,1047.0,4.0,25,1,2,1,3,1000,10,100,25
1,0.05653441699999995,1042.0,5.0,25,1,3,1,3,1000,10,100,25
1,0.05653441699999995,1022.0,7.0,25,1,4,1,3,1000,10,100,25
1,0.05653441699999995,1034.0,8.0,25,1,5,1,3,1000,10,100,25
1,0.05653441699999995,1024.0,10.0,25,1,6,1,3,1000,10,100,25
1,0.05653441699999995,1041.0,11.0,25,1,7,1,3,1000,10,100,25
1,0.05653441699999995,1079.0,12.0,25,1,8,1,3,1000,10,100,25
1,0.05653441699999995,968.0,13.0,25,1,9,1,3,1000,10,100,25
1,0.05653441699999995,1034.0,15.0,25,1,10,1,3,1000,10,100,25
1,0.05653441699999995,1036.0,16.0,25,1,11,1,3,1000,10,100,25
1,0.05653441699999995,1075.0,17.0,25,1,12,1,3,1000,10,100,25
1,0.05653441699999995,998.0,18.0,25,1,13,1,3,1000,10,100,25
1,0.05653441699999995,1009.0,20.0,25,1,14,1,3,1000,10,100,25
1,0.05653441699999995,1020.0,21.0,25,1,15,1,3,1000,10,100,25
1,0.05653441699999995,1033.0,22.0,25,1,16,1,3,1000,10,100,25
1,0.05653441699999995,1041.0,24.0,25,1,17,1,3,1000,10,100,25
1,0.05653441699999995,1031.0,26.0,25,1,18,1,3,1000,10,100,25
1,0.05653441699999995,1078.0,27.0,25,1,19,1,3,1000,10,100,25
1,0.05653441699999995,1095.0,28.0,25,1,20,1,3,1000,10,100,25
1,0.05653441699999995,1064.0,29.0,25,1,21,1,3,1000,10,100,25
1,0.05653441699999995,1033.0,30.0,25,1,22,1,3,1000,10,100,25
1,0.05653441699999995,1008.0,31.0,25,1,23,1,3,1000,10,100,25
1,0.05653441699999995,1021.0,33.0,25,1,24,1,3,1000,10,100,25
1,0.05653441699999995,1058.0,34.0,25,1,25,1,3,1000,10,100,25
0,0.0387486250000002,1057.0,0.0,25,1,0,1,4,1000,10,100,25
1,0.06016241699999991,1057.0,1.0,25,1,0,1,4,1000,10,100,25
1,0.06016241699999991,1018.0,3.0,25,1,1,1,4,1000,10,100,25
1,0.06016241699999991,1047.0,4.0,25,1,2,1,4,1000,10,100,25
1,0.06016241699999991,1042.0,5.0,25,1,3,1,4,1000,10,100,25
1,0.06016241699999991,1022.0,7.0,25,1,4,1,4,1000,10,100,25
1,0.06016241699999991,1034.0,8.0,25,1,5,1,4,1000,10,100,25
1,0.06016241699999991,1024.0,10.0,25,1,6,1,4,1000,10,100,25
1,0.06016241699999991,1041.0,11.0,25,1,7,1,4,1000,10,100,25
1,0.06016241699999991,1079.0,12.0,25,1,8,1,4,1000,10,100,25
1,0.06016241699999991,968.0,13.0,25,1,9,1,4,1000,10,100,25
1,0.06016241699999991,1034.0,15.0,25,1,10,1,4,1000,10,100,25
1,0.06016241699999991,1036.0,16.0,25,1,11,1,4,1000,10,100,25
1,0.06016241699999991,1075.0,17.0,25,1,12,1,4,1000,10,100,25
1,0.06016241699999991,998.0,18.0,25,1,13,1,4,1000,10,100,25
1,0.06016241699999991,1009.0,20.0,25,1,14,1,4,1000,10,100,25
1,0.06016241699999991,1020.0,21.0,25,1,15,1,4,1000,10,100,25
1,0.06016241699999991,1033.0,22.0,25,1,16,1,4,1000,10,100,25
1,0.06016241699999991,1041.0,24.0,25,1,17,1,4,1000,10,100,25
1,0.06016241699999991,1031.0,26.0,25,1,18,1,4,1000,10,100,25
1,0.06016241699999991,1078.0,27.0,25,1,19,1,4,1000,10,100,25
1,0.06016241699999991,1095.0,28.0,25,1,20,1,4,1000,10,100,25
1,0.06016241699999991,1064.0,29.0,25,1,21,1,4,1000,10,100,25
1,0.06016241699999991,1033.0,30.0,25,1,22,1,4,1000,10,100,25
1,0.06016241699999991,1008.0,31.0,25,1,23,1,4,1000,10,100,25
1,0.06016241699999991,1021.0,33.0,25,1,24,1,4,1000,10,100,25
1,0.06016241699999991,1058.0,34.0,25,1,25,1,4,1000,10,100,25
0,0.03615212500000009,1057.0,0.0,25,1,0,1,5,1000,10,100,25
1,0.057305416000000164,1057.0,1.0,25,1,0,1,5,1000,10,100,25
1,0.057305416000000164,1018.0,3.0,25,1,1,1,5,1000,10,100,25
1,0.057305416000000164,1047.0,4.0,25,1,2,1,5,1000,10,100,25
1,0.057305416000000164,1042.0,5.0,25,1,3,1,5,1000,10,100,25
1,0.057305416000000164,1022.0,7.0,25,1,4,1,5,1000,10,100,25
1,0.057305416000000164,1034.0,8.0,25,1,5,1,5,1000,10,100,25
1,0.057305416000000164,1024.0,10.0,25,1,6,1,5,1000,10,100,25
1,0.057305416000000164,1041.0,11.0,25,1,7,1,5,1000,10,100,25
1,0.057305416000000164,1079.0,12.0,25,1,8,1,5,1000,10,100,25
1,0.057305416000000164,968.0,13.0,25,1,9,1,5,1000,10,100,25
1,0.057305416000000164,1034.0,15.0,25,1,10,1,5,1000,10,100,25
1,0.057305416000000164,1036.0,16.0,25,1,11,1,5,1000,10,100,25
1,0.057305416000000164,1075.0,17.0,25,1,12,1,5,1000,10,100,25
1,0.057305416000000164,998.0,18.0,25,1,13,1,5,1000,10,100,25
1,0.057305416000000164,1009.0,20.0,25,1,14,1,5,1000,10,100,25
1,0.057305416000000164,1020.0,21.0,25,1,15,1,5,1000,10,100,25
1,0.057305416000000164,1033.0,22.0,25,1,16,1,5,1000,10,100,25
1,0.057305416000000164,1041.0,24.0,25,1,17,1,5,1000,10,100,25
1,0.057305416000000164,1031.0,26.0,25,1,18,1,5,1000,10,100,25
1,0.057305416000000164,1078.0,27.0,25,1,19,1,5,1000,10,100,25
1,0.057305416000000164,1095.0,28.0,25,1,20,1,5,1000,10,100,25
1,0.057305416000000164,1064.0,29.0,25,1,21,1,5,1000,10,100,25
1,0.057305416000000164,1033.0,30.0,25,1,22,1,5,1000,10,100,25
1,0.057305416000000164,1008.0,31.0,25,1,23,1,5,1000,10,100,25
1,0.057305416000000164,1021.0,33.0,25,1,24,1,5,1000,10,100,25
1,0.057305416000000164,1058.0,34.0,25,1,25,1,5,1000,10,100,25
0,0.036378500000001424,1057.0,0.0,50,1,0,2,6,1000,10,100,50
1,0.059485375000001284,1057.0,1.0,50,1,0,2,6,1000,10,100,50
1,0.059485375000001284,1018.0,3.0,50,1,1,2,6,1000,10,100,50
1,0.059485375000001284,1047.0,4.0,50,1,2,2,6,1000,10,100,50
1,0.059485375000001284,1042.0,5.0,50,1,3,2,6,1000,10,100,50
1,0.059485375000001284,1022.0,7.0,50,1,4,2,6,1000,10,100,50
1,0.059485375000001284,1034.0,8.0,50,1,5,2,6,1000,10,100,50
1,0.059485375000001284,1024.0,10.0,50,1,6,2,6,1000,10,100,50
1,0.059485375000001284,1041.0,11.0,50,1,7,2,6,1000,10,100,50
1,0.059485375000001284,1079.0,12.0,50,1,8,2,6,1000,10,100,50
1,0.059485375000001284,968.0,13.0,50,1,9,2,6,1000,10,100,50
1,0.059485375000001284,1034.0,15.0,50,1,10,2,6,1000,10,100,50
1,0.059485375000001284,1036.0,16.0,50,1,11,2,6,1000,10,100,50
1,0.059485375000001284,1075.0,17.0,50,1,12,2,6,1000,10,100,50
1,0.059485375000001284,998.0,18.0,50,1,13,2,6,1000,10,100,50
1,0.059485375000001284,1009.0,20.0,50,1,14,2,6,1000,10,100,50
1,0.059485375000001284,1020.0,21.0,50,1,15,2,6,1000,10,100,50
1,0.059485375000001284,1033.0,22.0,50,1,16,2,6,1000,10,100,50
1,0.059485375000001284,1041.0,24.0,50,1,17,2,6,1000,10,100,50
1,0.059485375000001284,1031.0,26.0,50,1,18,2,6,1000,10,100,50
1,0.059485375000001284,1078.0,27.0,50,1,19,2,6,1000,10,100,50
1,0.059485375000001284,1095.0,28.0,50,1,20,2,6,1000,10,100,50
1,0.059485375000001284,1064.0,29.0,50,1,21,2,6,1000,10,100,50
1,0.059485375000001284,1033.0,30.0,50,1,22,2,6,1000,10,100,50
1,0.059485375000001284,1008.0,31.0,50,1,23,2,6,1000,10,100,50
1,0.059485375000001284,1021.0,33.0,50,1,24,2,6,1000,10,100,50
1,0.059485375000001284,1058.0,34.0,50,1,25,2,6,1000,10,100,50
1,0.059485375000001284,1055.0,35.0,50,1,26,2,6,1000,10,100,50
1,0.059485375000001284,1052.0,37.0,50,1,27,2,6,1000,10,100,50
1,0.059485375000001284,952.0,39.0,50,1,28,2,6,1000,10,100,50
1,0.059485375000001284,1056.0,40.0,50,1,29,2,6,1000,10,100,50
1,0.059485375000001284,1046.0,41.0,50,1,30,2,6,1000,10,100,50
1,0.059485375000001284,1092.0,42.0,50,1,31,2,6,1000,10,100,50
1,0.059485375000001284,1072.0,44.0,50,1,32,2,6,1000,10,100,50
1,0.059485375000001284,1076.0,45.0,50,1,33,2,6,1000,10,100,50
1,0.059485375000001284,1035.0,46.0,50,1,34,2,6,1000,10,100,50
1,0.059485375000001284,1077.0,48.0,50,1,35,2,6,1000,10,100,50
1,0.059485375000001284,1007.0,49.0,50,1,36,2,6,1000,10,100,50
1,0.059485375000001284,1040.0,50.0,50,1,37,2,6,1000,10,100,50
1,0.059485375000001284,1064.0,51.0,50,1,38,2,6,1000,10,100,50
1,0.059485375000001284,1003.0,52.0,50,1,39,2,6,1000,10,100,50
1,0.059485375000001284,1028.0,53.0,50,1,40,2,6,1000,10,100,50
1,0.059485375000001284,1060.0,55.0,50,1,41,2,6,1000,10,100,50
1,0.059485375000001284,1016.0,57.0,50,1,42,2,6,1000,10,100,50
1,0.059485375000001284,1014.0,58.0,50,1,43,2,6,1000,10,100,50
1,0.059485375000001284,1026.0,60.0,50,1,44,2,6,1000,10,100,50
1,0.059485375000001284,1088.0,61.0,50,1,45,2,6,1000,10,100,50
1,0.059485375000001284,1026.0,62.0,50,1,46,2,6,1000,10,100,50
1,0.059485375000001284,1075.0,64.0,50,1,47,2,6,1000,10,100,50
1,0.059485375000001284,988.0,66.0,50,1,48,2,6,1000,10,100,50
1,0.059485375000001284,1031.0,67.0,50,1,49,2,6,1000,10,100,50
1,0.059485375000001284,1000.0,69.0,50,1,50,2,6,1000,10,100,50
0,0.04069066699999979,1057.0,0.0,50,1,0,2,7,1000,10,100,50
1,0.061963916999999924,1057.0,1.0,50,1,0,2,7,1000,10,100,50
1,0.061963916999999924,1018.0,3.0,50,1,1,2,7,1000,10,100,50
1,0.061963916999999924,1047.0,4.0,50,1,2,2,7,1000,10,100,50
1,0.061963916999999924,1042.0,5.0,50,1,3,2,7,1000,10,100,50
1,0.061963916999999924,1022.0,7.0,50,1,4,2,7,1000,10,100,50
1,0.061963916999999924,1034.0,8.0,50,1,5,2,7,1000,10,100,50
1,0.061963916999999924,1024.0,10.0,50,1,6,2,7,1000,10,100,50
1,0.061963916999999924,1041.0,11.0,50,1,7,2,7,1000,10,100,50
1,0.061963916999999924,1079.0,12.0,50,1,8,2,7,1000,10,100,50
1,0.061963916999999924,968.0,13.0,50,1,9,2,7,1000,10,100,50
1,0.061963916999999924,1034.0,15.0,50,1,10,2,7,1000,10,100,50
1,0.061963916999999924,1036.0,16.0,50,1,11,2,7,1000,10,100,50
1,0.061963916999999924,1075.0,17.0,50,1,12,2,7,1000,10,100,50
1,0.061963916999999924,998.0,18.0,50,1,13,2,7,1000,10,100,50
1,0.061963916999999924,1009.0,20.0,50,1,14,2,7,1000,10,100,50
1,0.061963916999999924,1020.0,21.0,50,1,15,2,7,1000,10,100,50
1,0.061963916999999924,1033.0,22.0,50,1,16,2,7,1000,10,100,50
1,0.061963916999999924,1041.0,24.0,50,1,17,2,7,1000,10,100,50
1,0.061963916999999924,1031.0,26.0,50,1,18,2,7,1000,10,100,50
1,0.061963916999999924,1078.0,27.0,50,1,19,2,7,1000,10,100,50
1,0.061963916999999924,1095.0,28.0,50,1,20,2,7,1000,10,100,50
1,0.061963916999999924,1064.0,29.0,50,1,21,2,7,1000,10,100,50
1,0.061963916999999924,1033.0,30.0,50,1,22,2,7,1000,10,100,50
1,0.061963916999999924,1008.0,31.0,50,1,23,2,7,1000,10,100,50
1,0.061963916999999924,1021.0,33.0,50,1,24,2,7,1000,10,100,50
1,0.061963916999999924,1058.0,34.0,50,1,25,2,7,1000,10,100,50
1,0.061963916999999924,1055.0,35.0,50,1,26,2,7,1000,10,100,50
1,0.061963916999999924,1052.0,37.0,50,1,27,2,7,1000,10,100,50
1,0.061963916999999924,952.0,39.0,50,1,28,2,7,1000,10,100,50
1,0.061963916999999924,1056.0,40.0,50,1,29,2,7,1000,10,100,50
1,0.061963916999999924,1046.0,41.0,50,1,30,2,7,1000,10,100,50
1,0.061963916999999924,1092.0,42.0,50,1,31,2,7,1000,10,100,50
1,0.061963916999999924,1072.0,44.0,50,1,32,2,7,1000,10,100,50
1,0.061963916999999924,1076.0,45.0,50,1,33,2,7,1000,10,100,50
1,0.061963916999999924,1035.0,46.0,50,1,34,2,7,1000,10,100,50
1,0.061963916999999924,1077.0,48.0,50,1,35,2,7,1000,10,100,50
1,0.061963916999999924,1007.0,49.0,50,1,36,2,7,1000,10,100,50
1,0.061963916999999924,1040.0,50.0,50,1,37,2,7,1000,10,100,50
1,0.061963916999999924,1064.0,51.0,50,1,38,2,7,1000,10,100,50
1,0.061963916999999924,1003.0,52.0,50,1,39,2,7,1000,10,100,50
1,0.061963916999999924,1028.0,53.0,50,1,40,2,7,1000,10,100,50
1,0.061963916999999924,1060.0,55.0,50,1,41,2,7,1000,10,100,50
1,0.061963916999999924,1016.0,57.0,50,1,42,2,7,1000,10,100,50
1,0.061963916999999924,1014.0,58.0,50,1,43,2,7,1000,10,100,50
1,0.061963916999999924,1026.0,60.0,50,1,44,2,7,1000,10,100,50
1,0.061963916999999924,1088.0,61.0,50,1,45,2,7,1000,10,100,50
1,0.061963916999999924,1026.0,62.0,50,1,46,2,7,1000,10,100,50
1,0.061963916999999924,1075.0,64.0,50,1,47,2,7,1000,10,100,50
1,0.061963916999999924,988.0,66.0,50,1,48,2,7,1000,10,100,50
1,0.061963916999999924,1031.0,67.0,50,1,49,2,7,1000,10,100,50
1,0.061963916999999924,1000.0,69.0,50,1,50,2,7,1000,10,100,50
0,0.03729354200000046,1057.0,0.0,50,1,0,2,8,1000,10,100,50
1,0.05764208400000115,1057.0,1.0,50,1,0,2,8,1000,10,100,50
1,0.05764208400000115,1018.0,3.0,50,1,1,2,8,1000,10,100,50
1,0.05764208400000115,1047.0,4.0,50,1,2,2,8,1000,10,100,50
1,0.05764208400000115,1042.0,5.0,50,1,3,2,8,1000,10,100,50
1,0.05764208400000115,1022.0,7.0,50,1,4,2,8,1000,10,100,50
1,0.05764208400000115,1034.0,8.0,50,1,5,2,8,1000,10,100,50
1,0.05764208400000115,1024.0,10.0,50,1,6,2,8,1000,10,100,50
1,0.05764208400000115,1041.0,11.0,50,1,7,2,8,1000,10,100,50
1,0.05764208400000115,1079.0,12.0,50,1,8,2,8,1000,10,100,50
1,0.05764208400000115,968.0,13.0,50,1,9,2,8,1000,10,100,50
1,0.05764208400000115,1034.0,15.0,50,1,10,2,8,1000,10,100,50
1,0.05764208400000115,1036.0,16.0,50,1,11,2,8,1000,10,100,50
1,0.05764208400000115,1075.0,17.0,50,1,12,2,8,1000,10,100,50
1,0.05764208400000115,998.0,18.0,50,1,13,2,8,1000,10,100,50
1,0.05764208400000115,1009.0,20.0,50,1,14,2,8,1000,10,100,50
1,0.05764208400000115,1020.0,21.0,50,1,15,2,8,1000,10,100,50
1,0.05764208400000115,1033.0,22.0,50,1,16,2,8,1000,10,100,50
1,0.05764208400000115,1041.0,24.0,50,1,17,2,8,1000,10,100,50
1,0.05764208400000115,1031.0,26.0,50,1,18,2,8,1000,10,100,50
1,0.05764208400000115,1078.0,27.0,50,1,19,2,8,1000,10,100,50
1,0.05764208400000115,1095.0,28.0,50,1,20,2,8,1000,10,100,50
1,0.05764208400000115,1064.0,29.0,50,1,21,2,8,1000,10,100,50
1,0.05764208400000115,1033.0,30.0,50,1,22,2,8,1000,10,100,50
1,0.05764208400000115,1008.0,31.0,50,1,23,2,8,1000,10,100,50
1,0.05764208400000115,1021.0,33.0,50,1,24,2,8,1000,10,100,50
1,0.05764208400000115,1058.0,34.0,50,1,25,2,8,1000,10,100,50
1,0.05764208400000115,1055.0,35.0,50,1,26,2,8,1000,10,100,50
1,0.05764208400000115,1052.0,37.0,50,1,27,2,8,1000,10,100,50
1,0.05764208400000115,952.0,39.0,50,1,28,2,8,1000,10,100,50
1,0.05764208400000115,1056.0,40.0,50,1,29,2,8,1000,10,100,50
1,0.05764208400000115,1046.0,41.0,50,1,30,2,8,1000,10,100,50
1,0.05764208400000115,1092.0,42.0,50,1,31,2,8,1000,10,100,50
1,0.05764208400000115,1072.0,44.0,50,1,32,2,8,1000,10,100,50
1,0.05764208400000115,1076.0,45.0,50,1,33,2,8,1000,10,100,50
1,0.05764208400000115,1035.0,46.0,50,1,34,2,8,1000,10,100,50
1,0.05764208400000115,1077.0,48.0,50,1,35,2,8,1000,10,100,50
1,0.05764208400000115,1007.0,49.0,50,1,36,2,8,1000,10,100,50
1,0.05764208400000115,1040.0,50.0,50,1,37,2,8,1000,10,100,50
1,0.05764208400000115,1064.0,51.0,50,1,38,2,8,1000,10,100,50
1,0.05764208400000115,1003.0,52.0,50,1,39,2,8,1000,10,100,50
1,0.05764208400000115,1028.0,53.0,50,1,40,2,8,1000,10,100,50
1,0.05764208400000115,1060.0,55.0,50,1,41,2,8,1000,10,100,50
1,0.05764208400000115,1016.0,57.0,50,1,42,2,8,1000,10,100,50
1,0.05764208400000115,1014.0,58.0,50,1,43,2,8,1000,10,100,50
1,0.05764208400000115,1026.0,60.0,50,1,44,2,8,1000,10,100,50
1,0.05764208400000115,1088.0,61.0,50,1,45,2,8,1000,10,100,50
1,0.05764208400000115,1026.0,62.0,50,1,46,2,8,1000,10,100,50
1,0.05764208400000115,1075.0,64.0,50,1,47,2,8,1000,10,100,50
1,0.05764208400000115,988.0,66.0,50,1,48,2,8,1000,10,100,50
1,0.05764208400000115,1031.0,67.0,50,1,49,2,8,1000,10,100,50
1,0.05764208400000115,1000.0,69.0,50,1,50,2,8,1000,10,100,50
0,0.03961024999999907,1057.0,0.0,75,1,0,3,9,1000,10,100,75
1,0.060321250000001214,1057.0,1.0,75,1,0,3,9,1000,10,100,75
1,0.060321250000001214,1018.0,3.0,75,1,1,3,9,1000,10,100,75
1,0.060321250000001214,1047.0,4.0,75,1,2,3,9,1000,10,100,75
1,0.060321250000001214,1042.0,5.0,75,1,3,3,9,1000,10,100,75
1,0.060321250000001214,1022.0,7.0,75,1,4,3,9,1000,10,100,75
1,0.060321250000001214,1034.0,8.0,75,1,5,3,9,1000,10,100,75
1,0.060321250000001214,1024.0,10.0,75,1,6,3,9,1000,10,100,75
1,0.060321250000001214,1041.0,11.0,75,1,7,3,9,1000,10,100,75
1,0.060321250000001214,1079.0,12.0,75,1,8,3,9,1000,10,100,75
1,0.060321250000001214,968.0,13.0,75,1,9,3,9,1000,10,100,75
1,0.060321250000001214,1034.0,15.0,75,1,10,3,9,1000,10,100,75
1,0.060321250000001214,1036.0,16.0,75,1,11,3,9,1000,10,100,75
1,0.060321250000001214,1075.0,17.0,75,1,12,3,9,1000,10,100,75
1,0.060321250000001214,998.0,18.0,75,1,13,3,9,1000,10,100,75
1,0.060321250000001214,1009.0,20.0,75,1,14,3,9,1000,10,100,75
1,0.060321250000001214,1020.0,21.0,75,1,15,3,9,1000,10,100,75
1,0.060321250000001214,1033.0,22.0,75,1,16,3,9,1000,10,100,75
1,0.060321250000001214,1041.0,24.0,75,1,17,3,9,1000,10,100,75
1,0.060321250000001214,1031.0,26.0,75,1,18,3,9,1000,10,100,75
1,0.060321250000001214,1078.0,27.0,75,1,19,3,9,1000,10,100,75
1,0.060321250000001214,1095.0,28.0,75,1,20,3,9,1000,10,100,75
1,0.060321250000001214,1064.0,29.0,75,1,21,3,9,1000,10,100,75
1,0.060321250000001214,1033.0,30.0,75,1,22,3,9,1000,10,100,75
1,0.060321250000001214,1008.0,31.0,75,1,23,3,9,1000,10,100,75
1,0.060321250000001214,1021.0,33.0,75,1,24,3,9,1000,10,100,75
1,0.060321250000001214,1058.0,34.0,75,1,25,3,9,1000,10,100,75
1,0.060321250000001214,1055.0,35.0,75,1,26,3,9,1000,10,100,75
1,0.060321250000001214,1052.0,37.0,75,1,27,3,9,1000,10,100,75
1,0.060321250000001214,952.0,39.0,75,1,28,3,9,1000,10,100,75
1,0.060321250000001214,1056.0,40.0,75,1,29,3,9,1000,10,100,75
1,0.060321250000001214,1046.0,41.0,75,1,30,3,9,1000,10,100,75
1,0.060321250000001214,1092.0,42.0,75,1,31,3,9,1000,10,100,75
1,0.060321250000001214,1072.0,44.0,75,1,32,3,9,1000,10,100,75
1,0.060321250000001214,1076.0,45.0,75,1,33,3,9,1000,10,100,75
1,0.060321250000001214,1035.0,46.0,75,1,34,3,9,1000,10,100,75
1,0.060321250000001214,1077.0,48.0,75,1,35,3,9,1000,10,100,75
1,0.060321250000001214,1007.0,49.0,75,1,36,3,9,1000,10,100,75
1,0.060321250000001214,1040.0,50.0,75,1,37,3,9,1000,10,100,75
1,0.060321250000001214,1064.0,51.0,75,1,38,3,9,1000,10,100,75
1,0.060321250000001214,1003.0,52.0,75,1,39,3,9,1000,10,100,75
1,0.060321250000001214,1028.0,53.0,75,1,40,3,9,1000,10,100,75
1,0.060321250000001214,1060.0,55.0,75,1,41,3,9,1000,10,100,75
1,0.060321250000001214,1016.0,57.0,75,1,42,3,9,1000,10,100,75
1,0.060321250000001214,1014.0,58.0,75,1,43,3,9,1000,10,100,75
1,0.060321250000001214,1026.0,60.0,75,1,44,3,9,1000,10,100,75
1,0.060321250000001214,1088.0,61.0,75,1,45,3,9,1000,10,100,75
1,0.060321250000001214,1026.0,62.0,75,1,46,3,9,1000,10,100,75
1,0.060321250000001214,1075.0,64.0,75,1,47,3,9,1000,10,100,75
1,0.060321250000001214,988.0,66.0,75,1,48,3,9,1000,10,100,75
1,0.060321250000001214,1031.0,67.0,75,1,49,3,9,1000,10,100,75
1,0.060321250000001214,1000.0,69.0,75,1,50,3,9,1000,10,100,75
1,0.060321250000001214,1095.0,70.0,75,1,51,3,9,1000,10,100,75
1,0.060321250000001214,1080.0,71.0,75,1,52,3,9,1000,10,100,75
1,0.060321250000001214,1017.0,72.0,75,1,53,3,9,1000,10,100,75
1,0.060321250000001214,1052.0,73.0,75,1,54,3,9,1000,10,100,75
1,0.060321250000001214,1042.0,75.0,75,1,55,3,9,1000,10,100,75
1,0.060321250000001214,1054.0,76.0,75,1,56,3,9,1000,10,100,75
1,0.060321250000001214,1043.0,78.0,75,1,57,3,9,1000,10,100,75
1,0.060321250000001214,1044.0,79.0,75,1,58,3,9,1000,10,100,75
1,0.060321250000001214,1007.0,81.0,75,1,59,3,9,1000,10,100,75
1,0.060321250000001214,1063.0,82.0,75,1,60,3,9,1000,10,100,75
1,0.060321250000001214,1029.0,83.0,75,1,61,3,9,1000,10,100,75
1,0.060321250000001214,1086.0,84.0,75,1,62,3,9,1000,10,100,75
1,0.060321250000001214,1014.0,86.0,75,1,63,3,9,1000,10,100,75
1,0.060321250000001214,1024.0,88.0,75,1,64,3,9,1000,10,100,75
1,0.060321250000001214,1034.0,89.0,75,1,65,3,9,1000,10,100,75
1,0.060321250000001214,1028.0,90.0,75,1,66,3,9,1000,10,100,75
1,0.060321250000001214,1058.0,91.0,75,1,67,3,9,1000,10,100,75
1,0.060321250000001214,963.0,93.0,75,1,68,3,9,1000,10,100,75
1,0.060321250000001214,1053.0,94.0,75,1,69,3,9,1000,10,100,75
1,0.060321250000001214,998.0,96.0,75,1,70,3,9,1000,10,100,75
1,0.060321250000001214,1002.0,98.0,75,1,71,3,9,1000,10,100,75
1,0.060321250000001214,1010.0,99.0,75,1,72,3,9,1000,10,100,75
1,0.060321250000001214,1011.0,100.0,75,1,73,3,9,1000,10,100,75
1,0.060321250000001214,1014.0,102.0,75,1,74,3,9,1000,10,100,75
1,0.060321250000001214,1071.0,103.0,75,1,75,3,9,1000,10,100,75
0,0.034742375000000436,1057.0,0.0,75,1,0,3,10,1000,10,100,75
1,0.05468595800000031,1057.0,1.0,75,1,0,3,10,1000,10,100,75
1,0.05468595800000031,1018.0,3.0,75,1,1,3,10,1000,10,100,75
1,0.05468595800000031,1047.0,4.0,75,1,2,3,10,1000,10,100,75
1,0.05468595800000031,1042.0,5.0,75,1,3,3,10,1000,10,100,75
1,0.05468595800000031,1022.0,7.0,75,1,4,3,10,1000,10,100,75
1,0.05468595800000031,1034.0,8.0,75,1,5,3,10,1000,10,100,75
1,0.05468595800000031,1024.0,10.0,75,1,6,3,10,1000,10,100,75
1,0.05468595800000031,1041.0,11.0,75,1,7,3,10,1000,10,100,75
1,0.05468595800000031,1079.0,12.0,75,1,8,3,10,1000,10,100,75
1,0.05468595800000031,968.0,13.0,75,1,9,3,10,1000,10,100,75
1,0.05468595800000031,1034.0,15.0,75,1,10,3,10,1000,10,100,75
1,0.05468595800000031,1036.0,16.0,75,1,11,3,10,1000,10,100,75
1,0.05468595800000031,1075.0,17.0,75,1,12,3,10,1000,10,100,75
1,0.05468595800000031,998.0,18.0,75,1,13,3,10,1000,10,100,75
1,0.05468595800000031,1009.0,20.0,75,1,14,3,10,1000,10,100,75
1,0.05468595800000031,1020.0,21.0,75,1,15,3,10,1000,10,100,75
1,0.05468595800000031,1033.0,22.0,75,1,16,3,10,1000,10,100,75
1,0.05468595800000031,1041.0,24.0,75,1,17,3,10,1000,10,100,75
1,0.05468595800000031,1031.0,26.0,75,1,18,3,10,1000,10,100,75
1,0.05468595800000031,1078.0,27.0,75,1,19,3,10,1000,10,100,75
1,0.05468595800000031,1095.0,28.0,75,1,20,3,10,1000,10,100,75
1,0.05468595800000031,1064.0,29.0,75,1,21,3,10,1000,10,100,75
1,0.05468595800000031,1033.0,30.0,75,1,22,3,10,1000,10,100,75
1,0.05468595800000031,1008.0,31.0,75,1,23,3,10,1000,10,100,75
1,0.05468595800000031,1021.0,33.0,75,1,24,3,10,1000,10,100,75
1,0.05468595800000031,1058.0,34.0,75,1,25,3,10,1000,10,100,75
1,0.05468595800000031,1055.0,35.0,75,1,26,3,10,1000,10,100,75
1,0.05468595800000031,1052.0,37.0,75,1,27,3,10,1000,10,100,75
1,0.05468595800000031,952.0,39.0,75,1,28,3,10,1000,10,100,75
1,0.05468595800000031,1056.0,40.0,75,1,29,3,10,1000,10,100,75
1,0.05468595800000031,1046.0,41.0,75,1,30,3,10,1000,10,100,75
1,0.05468595800000031,1092.0,42.0,75,1,31,3,10,1000,10,100,75
1,0.05468595800000031,1072.0,44.0,75,1,32,3,10,1000,10,100,75
1,0.05468595800000031,1076.0,45.0,75,1,33,3,10,1000,10,100,75
1,0.05468595800000031,1035.0,46.0,75,1,34,3,10,1000,10,100,75
1,0.05468595800000031,1077.0,48.0,75,1,35,3,10,1000,10,100,75
1,0.05468595800000031,1007.0,49.0,75,1,36,3,10,1000,10,100,75
1,0.05468595800000031,1040.0,50.0,75,1,37,3,10,1000,10,100,75
1,0.05468595800000031,1064.0,51.0,75,1,38,3,10,1000,10,100,75
1,0.05468595800000031,1003.0,52.0,75,1,39,3,10,1000,10,100,75
1,0.05468595800000031,1028.0,53.0,75,1,40,3,10,1000,10,100,75
1,0.05468595800000031,1060.0,55.0,75,1,41,3,10,1000,10,100,75
1,0.05468595800000031,1016.0,57.0,75,1,42,3,10,1000,10,100,75
1,0.05468595800000031,1014.0,58.0,75,1,43,3,10,1000,10,100,75
1,0.05468595800000031,1026.0,60.0,75,1,44,3,10,1000,10,100,75
1,0.05468595800000031,1088.0,61.0,75,1,45,3,10,1000,10,100,75
1,0.05468595800000031,1026.0,62.0,75,1,46,3,10,1000,10,100,75
1,0.05468595800000031,1075.0,64.0,75,1,47,3,10,1000,10,100,75
1,0.05468595800000031,988.0,66.0,75,1,48,3,10,1000,10,100,75
1,0.05468595800000031,1031.0,67.0,75,1,49,3,10,1000,10,100,75
1,0.05468595800000031,1000.0,69.0,75,1,50,3,10,1000,10,100,75
1,0.05468595800000031,1095.0,70.0,75,1,51,3,10,1000,10,100,75
1,0.05468595800000031,1080.0,71.0,75,1,52,3,10,1000,10,100,75
1,0.05468595800000031,1017.0,72.0,75,1,53,3,10,1000,10,100,75
1,0.05468595800000031,1052.0,73.0,75,1,54,3,10,1000,10,100,75
1,0.05468595800000031,1042.0,75.0,75,1,55,3,10,1000,10,100,75
1,0.05468595800000031,1054.0,76.0,75,1,56,3,10,1000,10,100,75
1,0.05468595800000031,1043.0,78.0,75,1,57,3,10,1000,10,100,75
1,0.05468595800000031,1044.0,79.0,75,1,58,3,10,1000,10,100,75
1,0.05468595800000031,1007.0,81.0,75,1,59,3,10,1000,10,100,75
1,0.05468595800000031,1063.0,82.0,75,1,60,3,10,1000,10,100,75
1,0.05468595800000031,1029.0,83.0,75,1,61,3,10,1000,10,100,75
1,0.05468595800000031,1086.0,84.0,75,1,62,3,10,1000,10,100,75
1,0.05468595800000031,1014.0,86.0,75,1,63,3,10,1000,10,100,75
1,0.05468595800000031,1024.0,88.0,75,1,64,3,10,1000,10,100,75
1,0.05468595800000031,1034.0,89.0,75,1,65,3,10,1000,10,100,75
1,0.05468595800000031,1028.0,90.0,75,1,66,3,10,1000,10,100,75
1,0.05468595800000031,1058.0,91.0,75,1,67,3,10,1000,10,100,75
1,0.05468595800000031,963.0,93.0,75,1,68,3,10,1000,10,100,75
1,0.05468595800000031,1053.0,94.0,75,1,69,3,10,1000,10,100,75
1,0.05468595800000031,998.0,96.0,75,1,70,3,10,1000,10,100,75
1,0.05468595800000031,1002.0,98.0,75,1,71,3,10,1000,10,100,75
1,0.05468595800000031,1010.0,99.0,75,1,72,3,10,1000,10,100,75
1,0.05468595800000031,1011.0,100.0,75,1,73,3,10,1000,10,100,75
1,0.05468595800000031,1014.0,102.0,75,1,74,3,10,1000,10,100,75
1,0.05468595800000031,1071.0,103.0,75,1,75,3,10,1000,10,100,75
0,0.036022875000000454,1057.0,0.0,75,1,0,3,11,1000,10,100,75
1,0.05876191599999814,1057.0,1.0,75,1,0,3,11,1000,10,100,75
1,0.05876191599999814,1018.0,3.0,75,1,1,3,11,1000,10,100,75
1,0.05876191599999814,1047.0,4.0,75,1,2,3,11,1000,10,100,75
1,0.05876191599999814,1042.0,5.0,75,1,3,3,11,1000,10,100,75
1,0.05876191599999814,1022.0,7.0,75,1,4,3,11,1000,10,100,75
1,0.05876191599999814,1034.0,8.0,75,1,5,3,11,1000,10,100,75
1,0.05876191599999814,1024.0,10.0,75,1,6,3,11,1000,10,100,75
1,0.05876191599999814,1041.0,11.0,75,1,7,3,11,1000,10,100,75
1,0.05876191599999814,1079.0,12.0,75,1,8,3,11,1000,10,100,75
1,0.05876191599999814,968.0,13.0,75,1,9,3,11,1000,10,100,75
1,0.05876191599999814,1034.0,15.0,75,1,10,3,11,1000,10,100,75
1,0.05876191599999814,1036.0,16.0,75,1,11,3,11,1000,10,100,75
1,0.05876191599999814,1075.0,17.0,75,1,12,3,11,1000,10,100,75
1,0.05876191599999814,998.0,18.0,75,1,13,3,11,1000,10,100,75
1,0.05876191599999814,1009.0,20.0,75,1,14,3,11,1000,10,100,75
1,0.05876191599999814,1020.0,21.0,75,1,15,3,11,1000,10,100,75
1,0.05876191599999814,1033.0,22.0,75,1,16,3,11,1000,10,100,75
1,0.05876191599999814,1041.0,24.0,75,1,17,3,11,1000,10,100,75
1,0.05876191599999814,1031.0,26.0,75,1,18,3,11,1000,10,100,75
1,0.05876191599999814,1078.0,27.0,75,1,19,3,11,1000,10,100,75
1,0.05876191599999814,1095.0,28.0,75,1,20,3,11,1000,10,100,75
1,0.05876191599999814,1064.0,29.0,75,1,21,3,11,1000,10,100,75
1,0.05876191599999814,1033.0,30.0,75,1,22,3,11,1000,10,100,75
1,0.05876191599999814,1008.0,31.0,75,1,23,3,11,1000,10,100,75
1,0.05876191599999814,1021.0,33.0,75,1,24,3,11,1000,10,100,75
1,0.05876191599999814,1058.0,34.0,75,1,25,3,11,1000,10,100,75
1,0.05876191599999814,1055.0,35.0,75,1,26,3,11,1000,10,100,75
1,0.05876191599999814,1052.0,37.0,75,1,27,3,11,1000,10,100,75
1,0.05876191599999814,952.0,39.0,75,1,28,3,11,1000,10,100,75
1,0.05876191599999814,1056.0,40.0,75,1,29,3,11,1000,10,100,75
1,0.05876191599999814,1046.0,41.0,75,1,30,3,11,1000,10,100,75
1,0.05876191599999814,1092.0,42.0,75,1,31,3,11,1000,10,100,75
1,0.05876191599999814,1072.0,44.0,75,1,32,3,11,1000,10,100,75
1,0.05876191599999814,1076.0,45.0,75,1,33,3,11,1000,10,100,75
1,0.05876191599999814,1035.0,46.0,75,1,34,3,11,1000,10,100,75
1,0.05876191599999814,1077.0,48.0,75,1,35,3,11,1000,10,100,75
1,0.05876191599999814,1007.0,49.0,75,1,36,3,11,1000,10,100,75
1,0.05876191599999814,1040.0,50.0,75,1,37,3,11,1000,10,100,75
1,0.05876191599999814,1064.0,51.0,75,1,38,3,11,1000,10,100,75
1,0.05876191599999814,1003.0,52.0,75,1,39,3,11,1000,10,100,75
1,0.05876191599999814,1028.0,53.0,75,1,40,3,11,1000,10,100,75
1,0.05876191599999814,1060.0,55.0,75,1,41,3,11,1000,10,100,75
1,0.05876191599999814,1016.0,57.0,75,1,42,3,11,1000,10,100,75
1,0.05876191599999814,1014.0,58.0,75,1,43,3,11,1000,10,100,75
1,0.05876191599999814,1026.0,60.0,75,1,44,3,11,1000,10,100,75
1,0.05876191599999814,1088.0,61.0,75,1,45,3,11,1000,10,100,75
1,0.05876191599999814,1026.0,62.0,75,1,46,3,11,1000,10,100,75
1,0.05876191599999814,1075.0,64.0,75,1,47,3,11,1000,10,100,75
1,0.05876191599999814,988.0,66.0,75,1,48,3,11,1000,10,100,75
1,0.05876191599999814,1031.0,67.0,75,1,49,3,11,1000,10,100,75
1,0.05876191599999814,1000.0,69.0,75,1,50,3,11,1000,10,100,75
1,0.05876191599999814,1095.0,70.0,75,1,51,3,11,1000,10,100,75
1,0.05876191599999814,1080.0,71.0,75,1,52,3,11,1000,10,100,75
1,0.05876191599999814,1017.0,72.0,75,1,53,3,11,1000,10,100,75
1,0.05876191599999814,1052.0,73.0,75,1,54,3,11,1000,10,100,75
1,0.05876191599999814,1042.0,75.0,75,1,55,3,11,1000,10,100,75
1,0.05876191599999814,1054.0,76.0,75,1,56,3,11,1000,10,100,75
1,0.05876191599999814,1043.0,78.0,75,1,57,3,11,1000,10,100,75
1,0.05876191599999814,1044.0,79.0,75,1,58,3,11,1000,10,100,75
1,0.05876191599999814,1007.0,81.0,75,1,59,3,11,1000,10,100,75
1,0.05876191599999814,1063.0,82.0,75,1,60,3,11,1000,10,100,75
1,0.05876191599999814,1029.0,83.0,75,1,61,3,11,1000,10,100,75
1,0.05876191599999814,1086.0,84.0,75,1,62,3,11,1000,10,100,75
1,0.05876191599999814,1014.0,86.0,75,1,63,3,11,1000,10,100,75
1,0.05876191599999814,1024.0,88.0,75,1,64,3,11,1000,10,100,75
1,0.05876191599999814,1034.0,89.0,75,1,65,3,11,1000,10,100,75
1,0.05876191599999814,1028.0,90.0,75,1,66,3,11,1000,10,100,75
1,0.05876191599999814,1058.0,91.0,75,1,67,3,11,1000,10,100,75
1,0.05876191599999814,963.0,93.0,75,1,68,3,11,1000,10,100,75
1,0.05876191599999814,1053.0,94.0,75,1,69,3,11,1000,10,100,75
1,0.05876191599999814,998.0,96.0,75,1,70,3,11,1000,10,100,75
1,0.05876191599999814,1002.0,98.0,75,1,71,3,11,1000,10,100,75
1,0.05876191599999814,1010.0,99.0,75,1,72,3,11,1000,10,100,75
1,0.05876191599999814,1011.0,100.0,75,1,73,3,11,1000,10,100,75
1,0.05876191599999814,1014.0,102.0,75,1,74,3,11,1000,10,100,75
1,0.05876191599999814,1071.0,103.0,75,1,75,3,11,1000,10,100,75
0,0.03621849999999682,1057.0,0.0,100,1,0,4,12,1000,10,100,100
1,0.05831024999999812,1057.0,1.0,100,1,0,4,12,1000,10,100,100
1,0.05831024999999812,1018.0,3.0,100,1,1,4,12,1000,10,100,100
1,0.05831024999999812,1047.0,4.0,100,1,2,4,12,1000,10,100,100
1,0.05831024999999812,1042.0,5.0,100,1,3,4,12,1000,10,100,100
1,0.05831024999999812,1022.0,7.0,100,1,4,4,12,1000,10,100,100
1,0.05831024999999812,1034.0,8.0,100,1,5,4,12,1000,10,100,100
1,0.05831024999999812,1024.0,10.0,100,1,6,4,12,1000,10,100,100
1,0.05831024999999812,1041.0,11.0,100,1,7,4,12,1000,10,100,100
1,0.05831024999999812,1079.0,12.0,100,1,8,4,12,1000,10,100,100
1,0.05831024999999812,968.0,13.0,100,1,9,4,12,1000,10,100,100
1,0.05831024999999812,1034.0,15.0,100,1,10,4,12,1000,10,100,100
1,0.05831024999999812,1036.0,16.0,100,1,11,4,12,1000,10,100,100
1,0.05831024999999812,1075.0,17.0,100,1,12,4,12,1000,10,100,100
1,0.05831024999999812,998.0,18.0,100,1,13,4,12,1000,10,100,100
1,0.05831024999999812,1009.0,20.0,100,1,14,4,12,1000,10,100,100
1,0.05831024999999812,1020.0,21.0,100,1,15,4,12,1000,10,100,100
1,0.05831024999999812,1033.0,22.0,100,1,16,4,12,1000,10,100,100
1,0.05831024999999812,1041.0,24.0,100,1,17,4,12,1000,10,100,100
1,0.05831024999999812,1031.0,26.0,100,1,18,4,12,1000,10,100,100
1,0.05831024999999812,1078.0,27.0,100,1,19,4,12,1000,10,100,100
1,0.05831024999999812,1095.0,28.0,100,1,20,4,12,1000,10,100,100
1,0.05831024999999812,1064.0,29.0,100,1,21,4,12,1000,10,100,100
1,0.05831024999999812,1033.0,30.0,100,1,22,4,12,1000,10,100,100
1,0.05831024999999812,1008.0,31.0,100,1,23,4,12,1000,10,100,100
1,0.05831024999999812,1021.0,33.0,100,1,24,4,12,1000,10,100,100
1,0.05831024999999812,1058.0,34.0,100,1,25,4,12,1000,10,100,100
1,0.05831024999999812,1055.0,35.0,100,1,26,4,12,1000,10,100,100
1,0.05831024999999812,1052.0,37.0,100,1,27,4,12,1000,10,100,100
1,0.05831024999999812,952.0,39.0,100,1,28,4,12,1000,10,100,100
1,0.05831024999999812,1056.0,40.0,100,1,29,4,12,1000,10,100,100
1,0.05831024999999812,1046.0,41.0,100,1,30,4,12,1000,10,100,100
1,0.05831024999999812,1092.0,42.0,100,1,31,4,12,1000,10,100,100
1,0.05831024999999812,1072.0,44.0,100,1,32,4,12,1000,10,100,100
1,0.05831024999999812,1076.0,45.0,100,1,33,4,12,1000,10,100,100
1,0.05831024999999812,1035.0,46.0,100,1,34,4,12,1000,10,100,100
1,0.05831024999999812,1077.0,48.0,100,1,35,4,12,1000,10,100,100
1,0.05831024999999812,1007.0,49.0,100,1,36,4,12,1000,10,100,100
1,0.05831024999999812,1040.0,50.0,100,1,37,4,12,1000,10,100,100
1,0.05831024999999812,1064.0,51.0,100,1,38,4,12,1000,10,100,100
1,0.05831024999999812,1003.0,52.0,100,1,39,4,12,1000,10,100,100
1,0.05831024999999812,1028.0,53.0,100,1,40,4,12,1000,10,100,100
1,0.05831024999999812,1060.0,55.0,100,1,41,4,12,1000,10,100,100
1,0.05831024999999812,1016.0,57.0,100,1,42,4,12,1000,10,100,100
1,0.05831024999999812,1014.0,58.0,100,1,43,4,12,1000,10,100,100
1,0.05831024999999812,1026.0,60.0,100,1,44,4,12,1000,10,100,100
1,0.05831024999999812,1088.0,61.0,100,1,45,4,12,1000,10,100,100
1,0.05831024999999812,1026.0,62.0,100,1,46,4,12,1000,10,100,100
1,0.05831024999999812,1075.0,64.0,100,1,47,4,12,1000,10,100,100
1,0.05831024999999812,988.0,66.0,100,1,48,4,12,1000,10,100,100
1,0.05831024999999812,1031.0,67.0,100,1,49,4,12,1000,10,100,100
1,0.05831024999999812,1000.0,69.0,100,1,50,4,12,1000,10,100,100
1,0.05831024999999812,1095.0,70.0,100,1,51,4,12,1000,10,100,100
1,0.05831024999999812,1080.0,71.0,100,1,52,4,12,1000,10,100,100
1,0.05831024999999812,1017.0,72.0,100,1,53,4,12,1000,10,100,100
1,0.05831024999999812,1052.0,73.0,100,1,54,4,12,1000,10,100,100
1,0.05831024999999812,1042.0,75.0,100,1,55,4,12,1000,10,100,100
1,0.05831024999999812,1054.0,76.0,100,1,56,4,12,1000,10,100,100
1,0.05831024999999812,1043.0,78.0,100,1,57,4,12,1000,10,100,100
1,0.05831024999999812,1044.0,79.0,100,1,58,4,12,1000,10,100,100
1,0.05831024999999812,1007.0,81.0,100,1,59,4,12,1000,10,100,100
1,0.05831024999999812,1063.0,82.0,100,1,60,4,12,1000,10,100,100
1,0.05831024999999812,1029.0,83.0,100,1,61,4,12,1000,10,100,100
1,0.05831024999999812,1086.0,84.0,100,1,62,4,12,1000,10,100,100
1,0.05831024999999812,1014.0,86.0,100,1,63,4,12,1000,10,100,100
1,0.05831024999999812,1024.0,88.0,100,1,64,4,12,1000,10,100,100
1,0.05831024999999812,1034.0,89.0,100,1,65,4,12,1000,10,100,100
1,0.05831024999999812,1028.0,90.0,100,1,66,4,12,1000,10,100,100
1,0.05831024999999812,1058.0,91.0,100,1,67,4,12,1000,10,100,100
1,0.05831024999999812,963.0,93.0,100,1,68,4,12,1000,10,100,100
1,0.05831024999999812,1053.0,94.0,100,1,69,4,12,1000,10,100,100
1,0.05831024999999812,998.0,96.0,100,1,70,4,12,1000,10,100,100
1,0.05831024999999812,1002.0,98.0,100,1,71,4,12,1000,10,100,100
1,0.05831024999999812,1010.0,99.0,100,1,72,4,12,1000,10,100,100
1,0.05831024999999812,1011.0,100.0,100,1,73,4,12,1000,10,100,100
1,0.05831024999999812,1014.0,102.0,100,1,74,4,12,1000,10,100,100
1,0.05831024999999812,1071.0,103.0,100,1,75,4,12,1000,10,100,100
1,0.05831024999999812,1050.0,105.0,100,1,76,4,12,1000,10,100,100
1,0.05831024999999812,1066.0,106.0,100,1,77,4,12,1000,10,100,100
1,0.05831024999999812,1034.0,107.0,100,1,78,4,12,1000,10,100,100
1,0.05831024999999812,1021.0,108.0,100,1,79,4,12,1000,10,100,100
1,0.05831024999999812,1031.0,110.0,100,1,80,4,12,1000,10,100,100
1,0.05831024999999812,1049.0,111.0,100,1,81,4,12,1000,10,100,100
1,0.05831024999999812,1058.0,112.0,100,1,82,4,12,1000,10,100,100
1,0.05831024999999812,1027.0,113.0,100,1,83,4,12,1000,10,100,100
1,0.05831024999999812,1018.0,114.0,100,1,84,4,12,1000,10,100,100
1,0.05831024999999812,1061.0,116.0,100,1,85,4,12,1000,10,100,100
1,0.05831024999999812,1017.0,117.0,100,1,86,4,12,1000,10,100,100
1,0.05831024999999812,1043.0,118.0,100,1,87,4,12,1000,10,100,100
1,0.05831024999999812,1078.0,119.0,100,1,88,4,12,1000,10,100,100
1,0.05831024999999812,1028.0,120.0,100,1,89,4,12,1000,10,100,100
1,0.05831024999999812,1062.0,122.0,100,1,90,4,12,1000,10,100,100
1,0.05831024999999812,1004.0,123.0,100,1,91,4,12,1000,10,100,100
1,0.05831024999999812,994.0,124.0,100,1,92,4,12,1000,10,100,100
1,0.05831024999999812,1052.0,125.0,100,1,93,4,12,1000,10,100,100
1,0.05831024999999812,1067.0,127.0,100,1,94,4,12,1000,10,100,100
1,0.05831024999999812,1014.0,129.0,100,1,95,4,12,1000,10,100,100
1,0.05831024999999812,1033.0,130.0,100,1,96,4,12,1000,10,100,100
1,0.05831024999999812,1028.0,131.0,100,1,97,4,12,1000,10,100,100
1,0.05831024999999812,1042.0,132.0,100,1,98,4,12,1000,10,100,100
1,0.05831024999999812,993.0,133.0,100,1,99,4,12,1000,10,100,100
1,0.05831024999999812,1032.0,134.0,100,1,100,4,12,1000,10,100,100
0,0.0368222080000038,1057.0,0.0,100,1,0,4,13,1000,10,100,100
1,0.05786087500000292,1057.0,1.0,100,1,0,4,13,1000,10,100,100
1,0.05786087500000292,1018.0,3.0,100,1,1,4,13,1000,10,100,100
1,0.05786087500000292,1047.0,4.0,100,1,2,4,13,1000,10,100,100
1,0.05786087500000292,1042.0,5.0,100,1,3,4,13,1000,10,100,100
1,0.05786087500000292,1022.0,7.0,100,1,4,4,13,1000,10,100,100
1,0.05786087500000292,1034.0,8.0,100,1,5,4,13,1000,10,100,100
1,0.05786087500000292,1024.0,10.0,100,1,6,4,13,1000,10,100,100
1,0.05786087500000292,1041.0,11.0,100,1,7,4,13,1000,10,100,100
1,0.05786087500000292,1079.0,12.0,100,1,8,4,13,1000,10,100,100
1,0.05786087500000292,968.0,13.0,100,1,9,4,13,1000,10,100,100
1,0.05786087500000292,1034.0,15.0,100,1,10,4,13,1000,10,100,100
1,0.05786087500000292,1036.0,16.0,100,1,11,4,13,1000,10,100,100
1,0.05786087500000292,1075.0,17.0,100,1,12,4,13,1000,10,100,100
1,0.05786087500000292,998.0,18.0,100,1,13,4,13,1000,10,100,100
1,0.05786087500000292,1009.0,20.0,100,1,14,4,13,1000,10,100,100
1,0.05786087500000292,1020.0,21.0,100,1,15,4,13,1000,10,100,100
1,0.05786087500000292,1033.0,22.0,100,1,16,4,13,1000,10,100,100
1,0.05786087500000292,1041.0,24.0,100,1,17,4,13,1000,10,100,100
1,0.05786087500000292,1031.0,26.0,100,1,18,4,13,1000,10,100,100
1,0.05786087500000292,1078.0,27.0,100,1,19,4,13,1000,10,100,100
1,0.05786087500000292,1095.0,28.0,100,1,20,4,13,1000,10,100,100
1,0.05786087500000292,1064.0,29.0,100,1,21,4,13,1000,10,100,100
1,0.05786087500000292,1033.0,30.0,100,1,22,4,13,1000,10,100,100
1,0.05786087500000292,1008.0,31.0,100,1,23,4,13,1000,10,100,100
1,0.05786087500000292,1021.0,33.0,100,1,24,4,13,1000,10,100,100
1,0.05786087500000292,1058.0,34.0,100,1,25,4,13,1000,10,100,100
1,0.05786087500000292,1055.0,35.0,100,1,26,4,13,1000,10,100,100
1,0.05786087500000292,1052.0,37.0,100,1,27,4,13,1000,10,100,100
1,0.05786087500000292,952.0,39.0,100,1,28,4,13,1000,10,100,100
1,0.05786087500000292,1056.0,40.0,100,1,29,4,13,1000,10,100,100
1,0.05786087500000292,1046.0,41.0,100,1,30,4,13,1000,10,100,100
1,0.05786087500000292,1092.0,42.0,100,1,31,4,13,1000,10,100,100
1,0.05786087500000292,1072.0,44.0,100,1,32,4,13,1000,10,100,100
1,0.05786087500000292,1076.0,45.0,100,1,33,4,13,1000,10,100,100
1,0.05786087500000292,1035.0,46.0,100,1,34,4,13,1000,10,100,100
1,0.05786087500000292,1077.0,48.0,100,1,35,4,13,1000,10,100,100
1,0.05786087500000292,1007.0,49.0,100,1,36,4,13,1000,10,100,100
1,0.05786087500000292,1040.0,50.0,100,1,37,4,13,1000,10,100,100
1,0.05786087500000292,1064.0,51.0,100,1,38,4,13,1000,10,100,100
1,0.05786087500000292,1003.0,52.0,100,1,39,4,13,1000,10,100,100
1,0.05786087500000292,1028.0,53.0,100,1,40,4,13,1000,10,100,100
1,0.05786087500000292,1060.0,55.0,100,1,41,4,13,1000,10,100,100
1,0.05786087500000292,1016.0,57.0,100,1,42,4,13,1000,10,100,100
1,0.05786087500000292,1014.0,58.0,100,1,43,4,13,1000,10,100,100
1,0.05786087500000292,1026.0,60.0,100,1,44,4,13,1000,10,100,100
1,0.05786087500000292,1088.0,61.0,100,1,45,4,13,1000,10,100,100
1,0.05786087500000292,1026.0,62.0,100,1,46,4,13,1000,10,100,100
1,0.05786087500000292,1075.0,64.0,100,1,47,4,13,1000,10,100,100
1,0.05786087500000292,988.0,66.0,100,1,48,4,13,1000,10,100,100
1,0.05786087500000292,1031.0,67.0,100,1,49,4,13,1000,10,100,100
1,0.05786087500000292,1000.0,69.0,100,1,50,4,13,1000,10,100,100
1,0.05786087500000292,1095.0,70.0,100,1,51,4,13,1000,10,100,100
1,0.05786087500000292,1080.0,71.0,100,1,52,4,13,1000,10,100,100
1,0.05786087500000292,1017.0,72.0,100,1,53,4,13,1000,10,100,100
1,0.05786087500000292,1052.0,73.0,100,1,54,4,13,1000,10,100,100
1,0.05786087500000292,1042.0,75.0,100,1,55,4,13,1000,10,100,100
1,0.05786087500000292,1054.0,76.0,100,1,56,4,13,1000,10,100,100
1,0.05786087500000292,1043.0,78.0,100,1,57,4,13,1000,10,100,100
1,0.05786087500000292,1044.0,79.0,100,1,58,4,13,1000,10,100,100
1,0.05786087500000292,1007.0,81.0,100,1,59,4,13,1000,10,100,100
1,0.05786087500000292,1063.0,82.0,100,1,60,4,13,1000,10,100,100
1,0.05786087500000292,1029.0,83.0,100,1,61,4,13,1000,10,100,100
1,0.05786087500000292,1086.0,84.0,100,1,62,4,13,1000,10,100,100
1,0.05786087500000292,1014.0,86.0,100,1,63,4,13,1000,10,100,100
1,0.05786087500000292,1024.0,88.0,100,1,64,4,13,1000,10,100,100
1,0.05786087500000292,1034.0,89.0,100,1,65,4,13,1000,10,100,100
1,0.05786087500000292,1028.0,90.0,100,1,66,4,13,1000,10,100,100
1,0.05786087500000292,1058.0,91.0,100,1,67,4,13,1000,10,100,100
1,0.05786087500000292,963.0,93.0,100,1,68,4,13,1000,10,100,100
1,0.05786087500000292,1053.0,94.0,100,1,69,4,13,1000,10,100,100
1,0.05786087500000292,998.0,96.0,100,1,70,4,13,1000,10,100,100
1,0.05786087500000292,1002.0,98.0,100,1,71,4,13,1000,10,100,100
1,0.05786087500000292,1010.0,99.0,100,1,72,4,13,1000,10,100,100
1,0.05786087500000292,1011.0,100.0,100,1,73,4,13,1000,10,100,100
1,0.05786087500000292,1014.0,102.0,100,1,74,4,13,1000,10,100,100
1,0.05786087500000292,1071.0,103.0,100,1,75,4,13,1000,10,100,100
1,0.05786087500000292,1050.0,105.0,100,1,76,4,13,1000,10,100,100
1,0.05786087500000292,1066.0,106.0,100,1,77,4,13,1000,10,100,100
1,0.05786087500000292,1034.0,107.0,100,1,78,4,13,1000,10,100,100
1,0.05786087500000292,1021.0,108.0,100,1,79,4,13,1000,10,100,100
1,0.05786087500000292,1031.0,110.0,100,1,80,4,13,1000,10,100,100
1,0.05786087500000292,1049.0,111.0,100,1,81,4,13,1000,10,100,100
1,0.05786087500000292,1058.0,112.0,100,1,82,4,13,1000,10,100,100
1,0.05786087500000292,1027.0,113.0,100,1,83,4,13,1000,10,100,100
1,0.05786087500000292,1018.0,114.0,100,1,84,4,13,1000,10,100,100
1,0.05786087500000292,1061.0,116.0,100,1,85,4,13,1000,10,100,100
1,0.05786087500000292,1017.0,117.0,100,1,86,4,13,1000,10,100,100
1,0.05786087500000292,1043.0,118.0,100,1,87,4,13,1000,10,100,100
1,0.05786087500000292,1078.0,119.0,100,1,88,4,13,1000,10,100,100
1,0.05786087500000292,1028.0,120.0,100,1,89,4,13,1000,10,100,100
1,0.05786087500000292,1062.0,122.0,100,1,90,4,13,1000,10,100,100
1,0.05786087500000292,1004.0,123.0,100,1,91,4,13,1000,10,100,100
1,0.05786087500000292,994.0,124.0,100,1,92,4,13,1000,10,100,100
1,0.05786087500000292,1052.0,125.0,100,1,93,4,13,1000,10,100,100
1,0.05786087500000292,1067.0,127.0,100,1,94,4,13,1000,10,100,100
1,0.05786087500000292,1014.0,129.0,100,1,95,4,13,1000,10,100,100
1,0.05786087500000292,1033.0,130.0,100,1,96,4,13,1000,10,100,100
1,0.05786087500000292,1028.0,131.0,100,1,97,4,13,1000,10,100,100
1,0.05786087500000292,1042.0,132.0,100,1,98,4,13,1000,10,100,100
1,0.05786087500000292,993.0,133.0,100,1,99,4,13,1000,10,100,100
1,0.05786087500000292,1032.0,134.0,100,1,100,4,13,1000,10,100,100
0,0.04158887500000219,1057.0,0.0,100,1,0,4,14,1000,10,100,100
1,0.07425800000000038,1057.0,1.0,100,1,0,4,14,1000,10,100,100
1,0.07425800000000038,1018.0,3.0,100,1,1,4,14,1000,10,100,100
1,0.07425800000000038,1047.0,4.0,100,1,2,4,14,1000,10,100,100
1,0.07425800000000038,1042.0,5.0,100,1,3,4,14,1000,10,100,100
1,0.07425800000000038,1022.0,7.0,100,1,4,4,14,1000,10,100,100
1,0.07425800000000038,1034.0,8.0,100,1,5,4,14,1000,10,100,100
1,0.07425800000000038,1024.0,10.0,100,1,6,4,14,1000,10,100,100
1,0.07425800000000038,1041.0,11.0,100,1,7,4,14,1000,10,100,100
1,0.07425800000000038,1079.0,12.0,100,1,8,4,14,1000,10,100,100
1,0.07425800000000038,968.0,13.0,100,1,9,4,14,1000,10,100,100
1,0.07425800000000038,1034.0,15.0,100,1,10,4,14,1000,10,100,100
1,0.07425800000000038,1036.0,16.0,100,1,11,4,14,1000,10,100,100
1,0.07425800000000038,1075.0,17.0,100,1,12,4,14,1000,10,100,100
1,0.07425800000000038,998.0,18.0,100,1,13,4,14,1000,10,100,100
1,0.07425800000000038,1009.0,20.0,100,1,14,4,14,1000,10,100,100
1,0.07425800000000038,1020.0,21.0,100,1,15,4,14,1000,10,100,100
1,0.07425800000000038,1033.0,22.0,100,1,16,4,14,1000,10,100,100
1,0.07425800000000038,1041.0,24.0,100,1,17,4,14,1000,10,100,100
1,0.07425800000000038,1031.0,26.0,100,1,18,4,14,1000,10,100,100
1,0.07425800000000038,1078.0,27.0,100,1,19,4,14,1000,10,100,100
1,0.07425800000000038,1095.0,28.0,100,1,20,4,14,1000,10,100,100
1,0.07425800000000038,1064.0,29.0,100,1,21,4,14,1000,10,100,100
1,0.07425800000000038,1033.0,30.0,100,1,22,4,14,1000,10,100,100
1,0.07425800000000038,1008.0,31.0,100,1,23,4,14,1000,10,100,100
1,0.07425800000000038,1021.0,33.0,100,1,24,4,14,1000,10,100,100
1,0.07425800000000038,1058.0,34.0,100,1,25,4,14,1000,10,100,100
1,0.07425800000000038,1055.0,35.0,100,1,26,4,14,1000,10,100,100
1,0.07425800000000038,1052.0,37.0,100,1,27,4,14,1000,10,100,100
1,0.07425800000000038,952.0,39.0,100,1,28,4,14,1000,10,100,100
1,0.07425800000000038,1056.0,40.0,100,1,29,4,14,1000,10,100,100
1,0.07425800000000038,1046.0,41.0,100,1,30,4,14,1000,10,100,100
1,0.07425800000000038,1092.0,42.0,100,1,31,4,14,1000,10,100,100
1,0.07425800000000038,1072.0,44.0,100,1,32,4,14,1000,10,100,100
1,0.07425800000000038,1076.0,45.0,100,1,33,4,14,1000,10,100,100
1,0.07425800000000038,1035.0,46.0,100,1,34,4,14,1000,10,100,100
1,0.07425800000000038,1077.0,48.0,100,1,35,4,14,1000,10,100,100
1,0.07425800000000038,1007.0,49.0,100,1,36,4,14,1000,10,100,100
1,0.07425800000000038,1040.0,50.0,100,1,37,4,14,1000,10,100,100
1,0.07425800000000038,1064.0,51.0,100,1,38,4,14,1000,10,100,100
1,0.07425800000000038,1003.0,52.0,100,1,39,4,14,1000,10,100,100
1,0.07425800000000038,1028.0,53.0,100,1,40,4,14,1000,10,100,100
1,0.07425800000000038,1060.0,55.0,100,1,41,4,14,1000,10,100,100
1,0.07425800000000038,1016.0,57.0,100,1,42,4,14,1000,10,100,100
1,0.07425800000000038,1014.0,58.0,100,1,43,4,14,1000,10,100,100
1,0.07425800000000038,1026.0,60.0,100,1,44,4,14,1000,10,100,100
1,0.07425800000000038,1088.0,61.0,100,1,45,4,14,1000,10,100,100
1,0.07425800000000038,1026.0,62.0,100,1,46,4,14,1000,10,100,100
1,0.07425800000000038,1075.0,64.0,100,1,47,4,14,1000,10,100,100
1,0.07425800000000038,988.0,66.0,100,1,48,4,14,1000,10,100,100
1,0.07425800000000038,1031.0,67.0,100,1,49,4,14,1000,10,100,100
1,0.07425800000000038,1000.0,69.0,100,1,50,4,14,1000,10,100,100
1,0.07425800000000038,1095.0,70.0,100,1,51,4,14,1000,10,100,100
1,0.07425800000000038,1080.0,71.0,100,1,52,4,14,1000,10,100,100
1,0.07425800000000038,1017.0,72.0,100,1,53,4,14,1000,10,100,100
1,0.07425800000000038,1052.0,73.0,100,1,54,4,14,1000,10,100,100
1,0.07425800000000038,1042.0,75.0,100,1,55,4,14,1000,10,100,100
1,0.07425800000000038,1054.0,76.0,100,1,56,4,14,1000,10,100,100
1,0.07425800000000038,1043.0,78.0,100,1,57,4,14,1000,10,100,100
1,0.07425800000000038,1044.0,79.0,100,1,58,4,14,1000,10,100,100
1,0.07425800000000038,1007.0,81.0,100,1,59,4,14,1000,10,100,100
1,0.07425800000000038,1063.0,82.0,100,1,60,4,14,1000,10,100,100
1,0.07425800000000038,1029.0,83.0,100,1,61,4,14,1000,10,100,100
1,0.07425800000000038,1086.0,84.0,100,1,62,4,14,1000,10,100,100
1,0.07425800000000038,1014.0,86.0,100,1,63,4,14,1000,10,100,100
1,0.07425800000000038,1024.0,88.0,100,1,64,4,14,1000,10,100,100
1,0.07425800000000038,1034.0,89.0,100,1,65,4,14,1000,10,100,100
1,0.07425800000000038,1028.0,90.0,100,1,66,4,14,1000,10,100,100
1,0.07425800000000038,1058.0,91.0,100,1,67,4,14,1000,10,100,100
1,0.07425800000000038,963.0,93.0,100,1,68,4,14,1000,10,100,100
1,0.07425800000000038,1053.0,94.0,100,1,69,4,14,1000,10,100,100
1,0.07425800000000038,998.0,96.0,100,1,70,4,14,1000,10,100,100
1,0.07425800000000038,1002.0,98.0,100,1,71,4,14,1000,10,100,100
1,0.07425800000000038,1010.0,99.0,100,1,72,4,14,1000,10,100,100
1,0.07425800000000038,1011.0,100.0,100,1,73,4,14,1000,10,100,100
1,0.07425800000000038,1014.0,102.0,100,1,74,4,14,1000,10,100,100
1,0.07425800000000038,1071.0,103.0,100,1,75,4,14,1000,10,100,100
1,0.07425800000000038,1050.0,105.0,100,1,76,4,14,1000,10,100,100
1,0.07425800000000038,1066.0,106.0,100,1,77,4,14,1000,10,100,100
1,0.07425800000000038,1034.0,107.0,100,1,78,4,14,1000,10,100,100
1,0.07425800000000038,1021.0,108.0,100,1,79,4,14,1000,10,100,100
1,0.07425800000000038,1031.0,110.0,100,1,80,4,14,1000,10,100,100
1,0.07425800000000038,1049.0,111.0,100,1,81,4,14,1000,10,100,100
1,0.07425800000000038,1058.0,112.0,100,1,82,4,14,1000,10,100,100
1,0.07425800000000038,1027.0,113.0,100,1,83,4,14,1000,10,100,100
1,0.07425800000000038,1018.0,114.0,100,1,84,4,14,1000,10,100,100
1,0.07425800000000038,1061.0,116.0,100,1,85,4,14,1000,10,100,100
1,0.07425800000000038,1017.0,117.0,100,1,86,4,14,1000,10,100,100
1,0.07425800000000038,1043.0,118.0,100,1,87,4,14,1000,10,100,100
1,0.07425800000000038,1078.0,119.0,100,1,88,4,14,1000,10,100,100
1,0.07425800000000038,1028.0,120.0,100,1,89,4,14,1000,10,100,100
1,0.07425800000000038,1062.0,122.0,100,1,90,4,14,1000,10,100,100
1,0.07425800000000038,1004.0,123.0,100,1,91,4,14,1000,10,100,100
1,0.07425800000000038,994.0,124.0,100,1,92,4,14,1000,10,100,100
1,0.07425800000000038,1052.0,125.0,100,1,93,4,14,1000,10,100,100
1,0.07425800000000038,1067.0,127.0,100,1,94,4,14,1000,10,100,100
1,0.07425800000000038,1014.0,129.0,100,1,95,4,14,1000,10,100,100
1,0.07425800000000038,1033.0,130.0,100,1,96,4,14,1000,10,100,100
1,0.07425800000000038,1028.0,131.0,100,1,97,4,14,1000,10,100,100
1,0.07425800000000038,1042.0,132.0,100,1,98,4,14,1000,10,100,100
1,0.07425800000000038,993.0,133.0,100,1,99,4,14,1000,10,100,100
1,0.07425800000000038,1032.0,134.0,100,1,100,4,14,1000,10,100,100
