Iteration,Time,Fitness,FEvals,Population Size,Mutation Rate,max_iters,problem_size,connections_per_node,max_attempts,num_edges,run_number,group_timestamp,total_runtime
0,0.002008291019592434,433.0,10.0,10,0.1,100,300,3,100,300,0,1719020139,35.525818249967415
1,0.00627374998293817,469.0,22.0,10,0.1,100,300,3,100,300,0,1719020139,35.525818249967415
2,0.008196374983526766,469.0,33.0,10,0.1,100,300,3,100,300,0,1719020139,35.525818249967415
3,0.010103915992658585,469.0,44.0,10,0.1,100,300,3,100,300,0,1719020139,35.525818249967415
4,0.012019333022180945,469.0,55.0,10,0.1,100,300,3,100,300,0,1719020139,35.525818249967415
5,0.013931165973190218,469.0,66.0,10,0.1,100,300,3,100,300,0,1719020139,35.525818249967415
6,0.015835791011340916,469.0,77.0,10,0.1,100,300,3,100,300,0,1719020139,35.525818249967415
7,0.017742707976140082,469.0,88.0,10,0.1,100,300,3,100,300,0,1719020139,35.525818249967415
8,0.019648333021905273,469.0,99.0,10,0.1,100,300,3,100,300,0,1719020139,35.525818249967415
9,0.02155225002206862,469.0,110.0,10,0.1,100,300,3,100,300,0,1719020139,35.525818249967415
10,0.02362008299678564,474.0,122.0,10,0.1,100,300,3,100,300,0,1719020139,35.525818249967415
11,0.025522875017486513,474.0,133.0,10,0.1,100,300,3,100,300,0,1719020139,35.525818249967415
12,0.02742599998600781,474.0,144.0,10,0.1,100,300,3,100,300,0,1719020139,35.525818249967415
13,0.02948608301812783,476.0,156.0,10,0.1,100,300,3,100,300,0,1719020139,35.525818249967415
14,0.031389250012580305,476.0,167.0,10,0.1,100,300,3,100,300,0,1719020139,35.525818249967415
15,0.03329658298753202,476.0,178.0,10,0.1,100,300,3,100,300,0,1719020139,35.525818249967415
16,0.03535862499848008,478.0,190.0,10,0.1,100,300,3,100,300,0,1719020139,35.525818249967415
17,0.03726050001569092,478.0,201.0,10,0.1,100,300,3,100,300,0,1719020139,35.525818249967415
18,0.03916512499563396,478.0,212.0,10,0.1,100,300,3,100,300,0,1719020139,35.525818249967415
19,0.04122625000309199,479.0,224.0,10,0.1,100,300,3,100,300,0,1719020139,35.525818249967415
20,0.04316200001630932,479.0,235.0,10,0.1,100,300,3,100,300,0,1719020139,35.525818249967415
21,0.04530275001889095,481.0,247.0,10,0.1,100,300,3,100,300,0,1719020139,35.525818249967415
22,0.04740124999079853,484.0,259.0,10,0.1,100,300,3,100,300,0,1719020139,35.525818249967415
23,0.0493096659774892,484.0,270.0,10,0.1,100,300,3,100,300,0,1719020139,35.525818249967415
24,0.05123620800441131,484.0,281.0,10,0.1,100,300,3,100,300,0,1719020139,35.525818249967415
25,0.05313354101963341,484.0,292.0,10,0.1,100,300,3,100,300,0,1719020139,35.525818249967415
26,0.05498070799512789,484.0,303.0,10,0.1,100,300,3,100,300,0,1719020139,35.525818249967415
27,0.05684124998515472,484.0,314.0,10,0.1,100,300,3,100,300,0,1719020139,35.525818249967415
28,0.05868875002488494,484.0,325.0,10,0.1,100,300,3,100,300,0,1719020139,35.525818249967415
29,0.060808499983977526,486.0,337.0,10,0.1,100,300,3,100,300,0,1719020139,35.525818249967415
30,0.06299933302216232,487.0,349.0,10,0.1,100,300,3,100,300,0,1719020139,35.525818249967415
31,0.06494287500390783,487.0,360.0,10,0.1,100,300,3,100,300,0,1719020139,35.525818249967415
32,0.06685416598338634,487.0,371.0,10,0.1,100,300,3,100,300,0,1719020139,35.525818249967415
33,0.06876116601051763,487.0,382.0,10,0.1,100,300,3,100,300,0,1719020139,35.525818249967415
34,0.07067824999103323,487.0,393.0,10,0.1,100,300,3,100,300,0,1719020139,35.525818249967415
35,0.07258420798461884,487.0,404.0,10,0.1,100,300,3,100,300,0,1719020139,35.525818249967415
36,0.07450041599804536,487.0,415.0,10,0.1,100,300,3,100,300,0,1719020139,35.525818249967415
37,0.0765685000224039,488.0,427.0,10,0.1,100,300,3,100,300,0,1719020139,35.525818249967415
38,0.07850670797051862,488.0,438.0,10,0.1,100,300,3,100,300,0,1719020139,35.525818249967415
39,0.08059837500331923,490.0,450.0,10,0.1,100,300,3,100,300,0,1719020139,35.525818249967415
40,0.08251674997154623,490.0,461.0,10,0.1,100,300,3,100,300,0,1719020139,35.525818249967415
41,0.08445937500800937,490.0,472.0,10,0.1,100,300,3,100,300,0,1719020139,35.525818249967415
42,0.08636879100231454,490.0,483.0,10,0.1,100,300,3,100,300,0,1719020139,35.525818249967415
43,0.08828120800899342,490.0,494.0,10,0.1,100,300,3,100,300,0,1719020139,35.525818249967415
44,0.0902092499891296,490.0,505.0,10,0.1,100,300,3,100,300,0,1719020139,35.525818249967415
45,0.09213900001486763,490.0,516.0,10,0.1,100,300,3,100,300,0,1719020139,35.525818249967415
46,0.09407683298923075,490.0,527.0,10,0.1,100,300,3,100,300,0,1719020139,35.525818249967415
47,0.09600349998800084,490.0,538.0,10,0.1,100,300,3,100,300,0,1719020139,35.525818249967415
48,0.09793166600866243,490.0,549.0,10,0.1,100,300,3,100,300,0,1719020139,35.525818249967415
49,0.0998853329801932,490.0,560.0,10,0.1,100,300,3,100,300,0,1719020139,35.525818249967415
50,0.1017771249753423,490.0,571.0,10,0.1,100,300,3,100,300,0,1719020139,35.525818249967415
51,0.10370687500108033,490.0,582.0,10,0.1,100,300,3,100,300,0,1719020139,35.525818249967415
52,0.10565366601804271,490.0,593.0,10,0.1,100,300,3,100,300,0,1719020139,35.525818249967415
53,0.10757975000888109,490.0,604.0,10,0.1,100,300,3,100,300,0,1719020139,35.525818249967415
54,0.10952583298785612,490.0,615.0,10,0.1,100,300,3,100,300,0,1719020139,35.525818249967415
55,0.11144679097924381,490.0,626.0,10,0.1,100,300,3,100,300,0,1719020139,35.525818249967415
56,0.11327891598921269,490.0,637.0,10,0.1,100,300,3,100,300,0,1719020139,35.525818249967415
57,0.11513758299406618,490.0,648.0,10,0.1,100,300,3,100,300,0,1719020139,35.525818249967415
58,0.11697145801736042,490.0,659.0,10,0.1,100,300,3,100,300,0,1719020139,35.525818249967415
59,0.11894158297218382,490.0,670.0,10,0.1,100,300,3,100,300,0,1719020139,35.525818249967415
60,0.12108066602377221,490.0,681.0,10,0.1,100,300,3,100,300,0,1719020139,35.525818249967415
61,0.12298695801291615,490.0,692.0,10,0.1,100,300,3,100,300,0,1719020139,35.525818249967415
62,0.12492512498283759,490.0,703.0,10,0.1,100,300,3,100,300,0,1719020139,35.525818249967415
63,0.12702299997908995,492.0,715.0,10,0.1,100,300,3,100,300,0,1719020139,35.525818249967415
64,0.1289695409941487,492.0,726.0,10,0.1,100,300,3,100,300,0,1719020139,35.525818249967415
65,0.13092454097932205,492.0,737.0,10,0.1,100,300,3,100,300,0,1719020139,35.525818249967415
66,0.13310420798370615,495.0,749.0,10,0.1,100,300,3,100,300,0,1719020139,35.525818249967415
67,0.13503504102118313,495.0,760.0,10,0.1,100,300,3,100,300,0,1719020139,35.525818249967415
68,0.13690108299488202,495.0,771.0,10,0.1,100,300,3,100,300,0,1719020139,35.525818249967415
69,0.13873891602270305,495.0,782.0,10,0.1,100,300,3,100,300,0,1719020139,35.525818249967415
70,0.14057437499286607,495.0,793.0,10,0.1,100,300,3,100,300,0,1719020139,35.525818249967415
71,0.14241491601569578,495.0,804.0,10,0.1,100,300,3,100,300,0,1719020139,35.525818249967415
72,0.1444320830050856,495.0,815.0,10,0.1,100,300,3,100,300,0,1719020139,35.525818249967415
73,0.1466481660027057,498.0,827.0,10,0.1,100,300,3,100,300,0,1719020139,35.525818249967415
74,0.14858062501298264,498.0,838.0,10,0.1,100,300,3,100,300,0,1719020139,35.525818249967415
75,0.15051087498432025,498.0,849.0,10,0.1,100,300,3,100,300,0,1719020139,35.525818249967415
76,0.1523639159859158,498.0,860.0,10,0.1,100,300,3,100,300,0,1719020139,35.525818249967415
77,0.1542461250210181,498.0,871.0,10,0.1,100,300,3,100,300,0,1719020139,35.525818249967415
78,0.1562864999868907,499.0,883.0,10,0.1,100,300,3,100,300,0,1719020139,35.525818249967415
79,0.15814054099610075,499.0,894.0,10,0.1,100,300,3,100,300,0,1719020139,35.525818249967415
80,0.16001937497640029,499.0,905.0,10,0.1,100,300,3,100,300,0,1719020139,35.525818249967415
81,0.16194595798151568,499.0,916.0,10,0.1,100,300,3,100,300,0,1719020139,35.525818249967415
82,0.1638892909977585,499.0,927.0,10,0.1,100,300,3,100,300,0,1719020139,35.525818249967415
83,0.16575762501452118,499.0,938.0,10,0.1,100,300,3,100,300,0,1719020139,35.525818249967415
84,0.16761433298233896,499.0,949.0,10,0.1,100,300,3,100,300,0,1719020139,35.525818249967415
85,0.1696204579784535,500.0,961.0,10,0.1,100,300,3,100,300,0,1719020139,35.525818249967415
86,0.17149475001497194,500.0,972.0,10,0.1,100,300,3,100,300,0,1719020139,35.525818249967415
87,0.1734331250190735,500.0,983.0,10,0.1,100,300,3,100,300,0,1719020139,35.525818249967415
88,0.17534141597570851,500.0,994.0,10,0.1,100,300,3,100,300,0,1719020139,35.525818249967415
89,0.1772541250102222,500.0,1005.0,10,0.1,100,300,3,100,300,0,1719020139,35.525818249967415
90,0.1791522079729475,500.0,1016.0,10,0.1,100,300,3,100,300,0,1719020139,35.525818249967415
91,0.18106133298715577,500.0,1027.0,10,0.1,100,300,3,100,300,0,1719020139,35.525818249967415
92,0.18297762499423698,500.0,1038.0,10,0.1,100,300,3,100,300,0,1719020139,35.525818249967415
93,0.18488745798822492,500.0,1049.0,10,0.1,100,300,3,100,300,0,1719020139,35.525818249967415
94,0.18679816601797938,500.0,1060.0,10,0.1,100,300,3,100,300,0,1719020139,35.525818249967415
95,0.1888694579829462,501.0,1072.0,10,0.1,100,300,3,100,300,0,1719020139,35.525818249967415
96,0.1907804579823278,501.0,1083.0,10,0.1,100,300,3,100,300,0,1719020139,35.525818249967415
97,0.19271912501426414,501.0,1094.0,10,0.1,100,300,3,100,300,0,1719020139,35.525818249967415
98,0.19488441600697115,502.0,1106.0,10,0.1,100,300,3,100,300,0,1719020139,35.525818249967415
99,0.19681583298370242,502.0,1117.0,10,0.1,100,300,3,100,300,0,1719020139,35.525818249967415
100,0.1987576659885235,502.0,1128.0,10,0.1,100,300,3,100,300,0,1719020139,35.525818249967415
0,0.0019671249901875854,417.0,10.0,10,0.1,100,300,3,100,300,1,1719020139,35.090499332989566
1,0.006097249977756292,453.0,22.0,10,0.1,100,300,3,100,300,1,1719020139,35.090499332989566
2,0.008147041022311896,457.0,34.0,10,0.1,100,300,3,100,300,1,1719020139,35.090499332989566
3,0.009959708026144654,457.0,45.0,10,0.1,100,300,3,100,300,1,1719020139,35.090499332989566
4,0.011811040982138366,457.0,56.0,10,0.1,100,300,3,100,300,1,1719020139,35.090499332989566
5,0.013792750018183142,464.0,68.0,10,0.1,100,300,3,100,300,1,1719020139,35.090499332989566
6,0.015689915977418423,464.0,79.0,10,0.1,100,300,3,100,300,1,1719020139,35.090499332989566
7,0.017766290984582156,468.0,91.0,10,0.1,100,300,3,100,300,1,1719020139,35.090499332989566
8,0.01959129102760926,468.0,102.0,10,0.1,100,300,3,100,300,1,1719020139,35.090499332989566
9,0.021557540982030332,480.0,114.0,10,0.1,100,300,3,100,300,1,1719020139,35.090499332989566
10,0.023394541000016034,480.0,125.0,10,0.1,100,300,3,100,300,1,1719020139,35.090499332989566
11,0.025496707996353507,485.0,137.0,10,0.1,100,300,3,100,300,1,1719020139,35.090499332989566
12,0.0274691249942407,485.0,148.0,10,0.1,100,300,3,100,300,1,1719020139,35.090499332989566
13,0.029368249990511686,485.0,159.0,10,0.1,100,300,3,100,300,1,1719020139,35.090499332989566
14,0.03129658300895244,485.0,170.0,10,0.1,100,300,3,100,300,1,1719020139,35.090499332989566
15,0.033417749975342304,488.0,182.0,10,0.1,100,300,3,100,300,1,1719020139,35.090499332989566
16,0.0352753329789266,488.0,193.0,10,0.1,100,300,3,100,300,1,1719020139,35.090499332989566
17,0.03727858298225328,489.0,205.0,10,0.1,100,300,3,100,300,1,1719020139,35.090499332989566
18,0.03913529100827873,489.0,216.0,10,0.1,100,300,3,100,300,1,1719020139,35.090499332989566
19,0.04102695803157985,489.0,227.0,10,0.1,100,300,3,100,300,1,1719020139,35.090499332989566
20,0.04308199998922646,493.0,239.0,10,0.1,100,300,3,100,300,1,1719020139,35.090499332989566
21,0.0449759159819223,493.0,250.0,10,0.1,100,300,3,100,300,1,1719020139,35.090499332989566
22,0.04686554102227092,493.0,261.0,10,0.1,100,300,3,100,300,1,1719020139,35.090499332989566
23,0.04890633298782632,495.0,273.0,10,0.1,100,300,3,100,300,1,1719020139,35.090499332989566
24,0.050706666021142155,495.0,284.0,10,0.1,100,300,3,100,300,1,1719020139,35.090499332989566
25,0.05251820798730478,495.0,295.0,10,0.1,100,300,3,100,300,1,1719020139,35.090499332989566
26,0.05432879098225385,495.0,306.0,10,0.1,100,300,3,100,300,1,1719020139,35.090499332989566
27,0.05615537503035739,495.0,317.0,10,0.1,100,300,3,100,300,1,1719020139,35.090499332989566
28,0.05799237499013543,495.0,328.0,10,0.1,100,300,3,100,300,1,1719020139,35.090499332989566
29,0.05995820800308138,495.0,339.0,10,0.1,100,300,3,100,300,1,1719020139,35.090499332989566
30,0.06197312497533858,496.0,351.0,10,0.1,100,300,3,100,300,1,1719020139,35.090499332989566
31,0.06382558302721009,496.0,362.0,10,0.1,100,300,3,100,300,1,1719020139,35.090499332989566
32,0.06573324999772012,496.0,373.0,10,0.1,100,300,3,100,300,1,1719020139,35.090499332989566
33,0.06765354098752141,496.0,384.0,10,0.1,100,300,3,100,300,1,1719020139,35.090499332989566
34,0.06975933298235759,497.0,396.0,10,0.1,100,300,3,100,300,1,1719020139,35.090499332989566
35,0.07172933302354068,497.0,407.0,10,0.1,100,300,3,100,300,1,1719020139,35.090499332989566
36,0.07363433297723532,497.0,418.0,10,0.1,100,300,3,100,300,1,1719020139,35.090499332989566
37,0.0755427079857327,497.0,429.0,10,0.1,100,300,3,100,300,1,1719020139,35.090499332989566
38,0.07743662502616644,497.0,440.0,10,0.1,100,300,3,100,300,1,1719020139,35.090499332989566
39,0.0793357910006307,497.0,451.0,10,0.1,100,300,3,100,300,1,1719020139,35.090499332989566
40,0.08125200000358745,497.0,462.0,10,0.1,100,300,3,100,300,1,1719020139,35.090499332989566
41,0.08317783300299197,497.0,473.0,10,0.1,100,300,3,100,300,1,1719020139,35.090499332989566
42,0.08507766597904265,497.0,484.0,10,0.1,100,300,3,100,300,1,1719020139,35.090499332989566
43,0.08697033300995827,497.0,495.0,10,0.1,100,300,3,100,300,1,1719020139,35.090499332989566
44,0.08888674998888746,497.0,506.0,10,0.1,100,300,3,100,300,1,1719020139,35.090499332989566
45,0.09079991601174697,497.0,517.0,10,0.1,100,300,3,100,300,1,1719020139,35.090499332989566
46,0.09272204100852832,497.0,528.0,10,0.1,100,300,3,100,300,1,1719020139,35.090499332989566
47,0.0946337910136208,497.0,539.0,10,0.1,100,300,3,100,300,1,1719020139,35.090499332989566
48,0.09658083302201703,497.0,550.0,10,0.1,100,300,3,100,300,1,1719020139,35.090499332989566
49,0.09852491598576307,497.0,561.0,10,0.1,100,300,3,100,300,1,1719020139,35.090499332989566
50,0.10041604097932577,497.0,572.0,10,0.1,100,300,3,100,300,1,1719020139,35.090499332989566
51,0.1023349579772912,497.0,583.0,10,0.1,100,300,3,100,300,1,1719020139,35.090499332989566
52,0.10424908302957192,497.0,594.0,10,0.1,100,300,3,100,300,1,1719020139,35.090499332989566
53,0.106161208008416,497.0,605.0,10,0.1,100,300,3,100,300,1,1719020139,35.090499332989566
54,0.10808799997903407,497.0,616.0,10,0.1,100,300,3,100,300,1,1719020139,35.090499332989566
55,0.10999341600108892,497.0,627.0,10,0.1,100,300,3,100,300,1,1719020139,35.090499332989566
56,0.11204525001812726,498.0,639.0,10,0.1,100,300,3,100,300,1,1719020139,35.090499332989566
57,0.11395220801932737,498.0,650.0,10,0.1,100,300,3,100,300,1,1719020139,35.090499332989566
58,0.11582537501817569,498.0,661.0,10,0.1,100,300,3,100,300,1,1719020139,35.090499332989566
59,0.11769233300583437,498.0,672.0,10,0.1,100,300,3,100,300,1,1719020139,35.090499332989566
60,0.11960320797516033,498.0,683.0,10,0.1,100,300,3,100,300,1,1719020139,35.090499332989566
61,0.12167541601229459,499.0,695.0,10,0.1,100,300,3,100,300,1,1719020139,35.090499332989566
62,0.12359991599805653,499.0,706.0,10,0.1,100,300,3,100,300,1,1719020139,35.090499332989566
63,0.12553666601888835,499.0,717.0,10,0.1,100,300,3,100,300,1,1719020139,35.090499332989566
64,0.12762579100672156,500.0,729.0,10,0.1,100,300,3,100,300,1,1719020139,35.090499332989566
65,0.12953620799817145,500.0,740.0,10,0.1,100,300,3,100,300,1,1719020139,35.090499332989566
66,0.1314576250151731,500.0,751.0,10,0.1,100,300,3,100,300,1,1719020139,35.090499332989566
67,0.13338112499332055,500.0,762.0,10,0.1,100,300,3,100,300,1,1719020139,35.090499332989566
68,0.1352812080294825,500.0,773.0,10,0.1,100,300,3,100,300,1,1719020139,35.090499332989566
69,0.1371690829982981,500.0,784.0,10,0.1,100,300,3,100,300,1,1719020139,35.090499332989566
70,0.13909087498905137,500.0,795.0,10,0.1,100,300,3,100,300,1,1719020139,35.090499332989566
71,0.14099216600880027,500.0,806.0,10,0.1,100,300,3,100,300,1,1719020139,35.090499332989566
72,0.14284358301665634,500.0,817.0,10,0.1,100,300,3,100,300,1,1719020139,35.090499332989566
73,0.14467795798555017,500.0,828.0,10,0.1,100,300,3,100,300,1,1719020139,35.090499332989566
74,0.146668708010111,501.0,840.0,10,0.1,100,300,3,100,300,1,1719020139,35.090499332989566
75,0.14851874997839332,501.0,851.0,10,0.1,100,300,3,100,300,1,1719020139,35.090499332989566
76,0.1503514579962939,501.0,862.0,10,0.1,100,300,3,100,300,1,1719020139,35.090499332989566
77,0.15222012501908466,501.0,873.0,10,0.1,100,300,3,100,300,1,1719020139,35.090499332989566
78,0.15410929097561166,501.0,884.0,10,0.1,100,300,3,100,300,1,1719020139,35.090499332989566
79,0.15605433302698657,501.0,895.0,10,0.1,100,300,3,100,300,1,1719020139,35.090499332989566
80,0.15799370798049495,501.0,906.0,10,0.1,100,300,3,100,300,1,1719020139,35.090499332989566
81,0.15983904100721702,501.0,917.0,10,0.1,100,300,3,100,300,1,1719020139,35.090499332989566
82,0.1616827910183929,501.0,928.0,10,0.1,100,300,3,100,300,1,1719020139,35.090499332989566
83,0.1635178750148043,501.0,939.0,10,0.1,100,300,3,100,300,1,1719020139,35.090499332989566
84,0.16553837497485802,502.0,951.0,10,0.1,100,300,3,100,300,1,1719020139,35.090499332989566
85,0.16743174998555332,502.0,962.0,10,0.1,100,300,3,100,300,1,1719020139,35.090499332989566
86,0.16925612499471754,502.0,973.0,10,0.1,100,300,3,100,300,1,1719020139,35.090499332989566
87,0.17106766602955759,502.0,984.0,10,0.1,100,300,3,100,300,1,1719020139,35.090499332989566
88,0.17304183298256248,503.0,996.0,10,0.1,100,300,3,100,300,1,1719020139,35.090499332989566
89,0.1748555829981342,503.0,1007.0,10,0.1,100,300,3,100,300,1,1719020139,35.090499332989566
90,0.17687324999133125,503.0,1018.0,10,0.1,100,300,3,100,300,1,1719020139,35.090499332989566
91,0.1789426250034012,503.0,1029.0,10,0.1,100,300,3,100,300,1,1719020139,35.090499332989566
92,0.1808528330293484,503.0,1040.0,10,0.1,100,300,3,100,300,1,1719020139,35.090499332989566
93,0.18272525002248585,503.0,1051.0,10,0.1,100,300,3,100,300,1,1719020139,35.090499332989566
94,0.18456529098330066,503.0,1062.0,10,0.1,100,300,3,100,300,1,1719020139,35.090499332989566
95,0.18659474997548386,505.0,1074.0,10,0.1,100,300,3,100,300,1,1719020139,35.090499332989566
96,0.18845737498486415,505.0,1085.0,10,0.1,100,300,3,100,300,1,1719020139,35.090499332989566
97,0.19031595799606293,505.0,1096.0,10,0.1,100,300,3,100,300,1,1719020139,35.090499332989566
98,0.19217137497616932,505.0,1107.0,10,0.1,100,300,3,100,300,1,1719020139,35.090499332989566
99,0.19407166598830372,505.0,1118.0,10,0.1,100,300,3,100,300,1,1719020139,35.090499332989566
100,0.19597629102645442,505.0,1129.0,10,0.1,100,300,3,100,300,1,1719020139,35.090499332989566
0,0.0020771250128746033,453.0,10.0,10,0.1,100,300,3,100,300,2,1719020139,35.74879737501033
1,0.006413082999642938,469.0,22.0,10,0.1,100,300,3,100,300,2,1719020139,35.74879737501033
2,0.008505291014444083,469.0,33.0,10,0.1,100,300,3,100,300,2,1719020139,35.74879737501033
3,0.010616791027132422,481.0,45.0,10,0.1,100,300,3,100,300,2,1719020139,35.74879737501033
4,0.012515874987002462,481.0,56.0,10,0.1,100,300,3,100,300,2,1719020139,35.74879737501033
5,0.014459791011177003,481.0,67.0,10,0.1,100,300,3,100,300,2,1719020139,35.74879737501033
6,0.016552707995288074,481.0,78.0,10,0.1,100,300,3,100,300,2,1719020139,35.74879737501033
7,0.018547916028182954,481.0,89.0,10,0.1,100,300,3,100,300,2,1719020139,35.74879737501033
8,0.020626000012271106,487.0,101.0,10,0.1,100,300,3,100,300,2,1719020139,35.74879737501033
9,0.022698790999129415,495.0,113.0,10,0.1,100,300,3,100,300,2,1719020139,35.74879737501033
10,0.024649750033859164,495.0,124.0,10,0.1,100,300,3,100,300,2,1719020139,35.74879737501033
11,0.026707082986831665,495.0,135.0,10,0.1,100,300,3,100,300,2,1719020139,35.74879737501033
12,0.028659416013397276,495.0,146.0,10,0.1,100,300,3,100,300,2,1719020139,35.74879737501033
13,0.03070958302123472,497.0,158.0,10,0.1,100,300,3,100,300,2,1719020139,35.74879737501033
14,0.032655625022016466,497.0,169.0,10,0.1,100,300,3,100,300,2,1719020139,35.74879737501033
15,0.03466116602066904,497.0,180.0,10,0.1,100,300,3,100,300,2,1719020139,35.74879737501033
16,0.03690025000832975,499.0,192.0,10,0.1,100,300,3,100,300,2,1719020139,35.74879737501033
17,0.03905016602948308,499.0,203.0,10,0.1,100,300,3,100,300,2,1719020139,35.74879737501033
18,0.04107445798581466,499.0,214.0,10,0.1,100,300,3,100,300,2,1719020139,35.74879737501033
19,0.04306300001917407,499.0,225.0,10,0.1,100,300,3,100,300,2,1719020139,35.74879737501033
20,0.045259458012878895,500.0,237.0,10,0.1,100,300,3,100,300,2,1719020139,35.74879737501033
21,0.04733470798237249,500.0,248.0,10,0.1,100,300,3,100,300,2,1719020139,35.74879737501033
22,0.0493666660040617,500.0,259.0,10,0.1,100,300,3,100,300,2,1719020139,35.74879737501033
23,0.05132825003238395,500.0,270.0,10,0.1,100,300,3,100,300,2,1719020139,35.74879737501033
24,0.053454582986887544,501.0,282.0,10,0.1,100,300,3,100,300,2,1719020139,35.74879737501033
25,0.055492333020083606,501.0,293.0,10,0.1,100,300,3,100,300,2,1719020139,35.74879737501033
26,0.05767700000433251,503.0,305.0,10,0.1,100,300,3,100,300,2,1719020139,35.74879737501033
27,0.05977529101073742,504.0,317.0,10,0.1,100,300,3,100,300,2,1719020139,35.74879737501033
28,0.06196754099801183,505.0,329.0,10,0.1,100,300,3,100,300,2,1719020139,35.74879737501033
29,0.06393875001231208,505.0,340.0,10,0.1,100,300,3,100,300,2,1719020139,35.74879737501033
30,0.06583216600120068,505.0,351.0,10,0.1,100,300,3,100,300,2,1719020139,35.74879737501033
31,0.06770491600036621,505.0,362.0,10,0.1,100,300,3,100,300,2,1719020139,35.74879737501033
32,0.06973087502410635,506.0,374.0,10,0.1,100,300,3,100,300,2,1719020139,35.74879737501033
33,0.07178908301284537,507.0,386.0,10,0.1,100,300,3,100,300,2,1719020139,35.74879737501033
34,0.07368129101814702,507.0,397.0,10,0.1,100,300,3,100,300,2,1719020139,35.74879737501033
35,0.0755515830242075,507.0,408.0,10,0.1,100,300,3,100,300,2,1719020139,35.74879737501033
36,0.07742404099553823,507.0,419.0,10,0.1,100,300,3,100,300,2,1719020139,35.74879737501033
37,0.07936687499750406,507.0,430.0,10,0.1,100,300,3,100,300,2,1719020139,35.74879737501033
38,0.0814796659979038,508.0,442.0,10,0.1,100,300,3,100,300,2,1719020139,35.74879737501033
39,0.08341891597956419,508.0,453.0,10,0.1,100,300,3,100,300,2,1719020139,35.74879737501033
40,0.08531833300366998,508.0,464.0,10,0.1,100,300,3,100,300,2,1719020139,35.74879737501033
41,0.08720412501133978,508.0,475.0,10,0.1,100,300,3,100,300,2,1719020139,35.74879737501033
42,0.0892337909899652,508.0,486.0,10,0.1,100,300,3,100,300,2,1719020139,35.74879737501033
43,0.09113854099996388,508.0,497.0,10,0.1,100,300,3,100,300,2,1719020139,35.74879737501033
44,0.09301287500420585,508.0,508.0,10,0.1,100,300,3,100,300,2,1719020139,35.74879737501033
45,0.09491341601824388,508.0,519.0,10,0.1,100,300,3,100,300,2,1719020139,35.74879737501033
46,0.09680687502259389,508.0,530.0,10,0.1,100,300,3,100,300,2,1719020139,35.74879737501033
47,0.09887154097668827,508.0,541.0,10,0.1,100,300,3,100,300,2,1719020139,35.74879737501033
48,0.10120008297963068,511.0,553.0,10,0.1,100,300,3,100,300,2,1719020139,35.74879737501033
49,0.10319549997802824,511.0,564.0,10,0.1,100,300,3,100,300,2,1719020139,35.74879737501033
50,0.10518604097887874,511.0,575.0,10,0.1,100,300,3,100,300,2,1719020139,35.74879737501033
51,0.10736508300760761,511.0,586.0,10,0.1,100,300,3,100,300,2,1719020139,35.74879737501033
52,0.10962329100584611,511.0,597.0,10,0.1,100,300,3,100,300,2,1719020139,35.74879737501033
53,0.1117960829869844,511.0,608.0,10,0.1,100,300,3,100,300,2,1719020139,35.74879737501033
54,0.11400154099101201,511.0,619.0,10,0.1,100,300,3,100,300,2,1719020139,35.74879737501033
55,0.11600537499180064,511.0,630.0,10,0.1,100,300,3,100,300,2,1719020139,35.74879737501033
56,0.11794650001684204,511.0,641.0,10,0.1,100,300,3,100,300,2,1719020139,35.74879737501033
57,0.11999183299485594,512.0,653.0,10,0.1,100,300,3,100,300,2,1719020139,35.74879737501033
58,0.12202345801051706,512.0,664.0,10,0.1,100,300,3,100,300,2,1719020139,35.74879737501033
59,0.1240593750262633,512.0,675.0,10,0.1,100,300,3,100,300,2,1719020139,35.74879737501033
60,0.12603395798942074,512.0,686.0,10,0.1,100,300,3,100,300,2,1719020139,35.74879737501033
61,0.1279994160286151,512.0,697.0,10,0.1,100,300,3,100,300,2,1719020139,35.74879737501033
62,0.12996158300666139,512.0,708.0,10,0.1,100,300,3,100,300,2,1719020139,35.74879737501033
63,0.13193612499162555,512.0,719.0,10,0.1,100,300,3,100,300,2,1719020139,35.74879737501033
64,0.1339287080336362,512.0,730.0,10,0.1,100,300,3,100,300,2,1719020139,35.74879737501033
65,0.13587383303092793,512.0,741.0,10,0.1,100,300,3,100,300,2,1719020139,35.74879737501033
66,0.13777962501626462,512.0,752.0,10,0.1,100,300,3,100,300,2,1719020139,35.74879737501033
67,0.13968333299271762,512.0,763.0,10,0.1,100,300,3,100,300,2,1719020139,35.74879737501033
68,0.1417442500242032,513.0,775.0,10,0.1,100,300,3,100,300,2,1719020139,35.74879737501033
69,0.14376729098148644,513.0,786.0,10,0.1,100,300,3,100,300,2,1719020139,35.74879737501033
70,0.14578941598301753,513.0,797.0,10,0.1,100,300,3,100,300,2,1719020139,35.74879737501033
71,0.1477662079851143,513.0,808.0,10,0.1,100,300,3,100,300,2,1719020139,35.74879737501033
72,0.14972541597671807,513.0,819.0,10,0.1,100,300,3,100,300,2,1719020139,35.74879737501033
73,0.15169124997919425,513.0,830.0,10,0.1,100,300,3,100,300,2,1719020139,35.74879737501033
74,0.1536616660305299,513.0,841.0,10,0.1,100,300,3,100,300,2,1719020139,35.74879737501033
75,0.15562429098645225,513.0,852.0,10,0.1,100,300,3,100,300,2,1719020139,35.74879737501033
76,0.15775650000432506,515.0,864.0,10,0.1,100,300,3,100,300,2,1719020139,35.74879737501033
77,0.15968320798128843,515.0,875.0,10,0.1,100,300,3,100,300,2,1719020139,35.74879737501033
78,0.16159141599200666,515.0,886.0,10,0.1,100,300,3,100,300,2,1719020139,35.74879737501033
79,0.16348858299897984,515.0,897.0,10,0.1,100,300,3,100,300,2,1719020139,35.74879737501033
80,0.16549112502252683,515.0,908.0,10,0.1,100,300,3,100,300,2,1719020139,35.74879737501033
81,0.1674666249891743,515.0,919.0,10,0.1,100,300,3,100,300,2,1719020139,35.74879737501033
82,0.16943908302346244,515.0,930.0,10,0.1,100,300,3,100,300,2,1719020139,35.74879737501033
83,0.17140916601056233,515.0,941.0,10,0.1,100,300,3,100,300,2,1719020139,35.74879737501033
84,0.1734136249870062,515.0,952.0,10,0.1,100,300,3,100,300,2,1719020139,35.74879737501033
85,0.17540191602893174,515.0,963.0,10,0.1,100,300,3,100,300,2,1719020139,35.74879737501033
86,0.17736579099437222,515.0,974.0,10,0.1,100,300,3,100,300,2,1719020139,35.74879737501033
87,0.17932608298724517,515.0,985.0,10,0.1,100,300,3,100,300,2,1719020139,35.74879737501033
88,0.1812913329922594,515.0,996.0,10,0.1,100,300,3,100,300,2,1719020139,35.74879737501033
89,0.1832726250286214,515.0,1007.0,10,0.1,100,300,3,100,300,2,1719020139,35.74879737501033
90,0.18521362502360716,515.0,1018.0,10,0.1,100,300,3,100,300,2,1719020139,35.74879737501033
91,0.1871225829818286,515.0,1029.0,10,0.1,100,300,3,100,300,2,1719020139,35.74879737501033
92,0.18905108299804851,515.0,1040.0,10,0.1,100,300,3,100,300,2,1719020139,35.74879737501033
93,0.19111225003143772,515.0,1051.0,10,0.1,100,300,3,100,300,2,1719020139,35.74879737501033
94,0.19313387502916157,515.0,1062.0,10,0.1,100,300,3,100,300,2,1719020139,35.74879737501033
95,0.19507458299631253,515.0,1073.0,10,0.1,100,300,3,100,300,2,1719020139,35.74879737501033
96,0.1969982500304468,515.0,1084.0,10,0.1,100,300,3,100,300,2,1719020139,35.74879737501033
97,0.1989915409940295,515.0,1095.0,10,0.1,100,300,3,100,300,2,1719020139,35.74879737501033
98,0.2010136250173673,515.0,1106.0,10,0.1,100,300,3,100,300,2,1719020139,35.74879737501033
99,0.2029687080066651,515.0,1117.0,10,0.1,100,300,3,100,300,2,1719020139,35.74879737501033
100,0.204966958030127,515.0,1128.0,10,0.1,100,300,3,100,300,2,1719020139,35.74879737501033
